Объект;Должность;График работы;Оклад (тариф);Количество ставок;Тип оплаты;
БЦ Москва;Менеджер;5/2;40 230;1;оклад;
БЦ Москва;Уборщик производственных и служебных помещений;5/2;29 000;1/4;оклад;
БЦ Москва;Уборщик производственных и служебных помещений;2/2;29 000;1;оклад;
БЦ Москва;Подсобный рабочий;5/2;29 000;1;оклад;
БЦ Москва;Подсобный рабочий;5/2;29 000;1;оклад;
ЗСД;Уборщик производственных и служебных помещений;5/2;32 184;1;оклад;
ЗСД;Уборщик производственных и служебных помещений;5/2;32 184;1;оклад;
ЗСД;Уборщик производственных и служебных помещений;5/2;32 184;1;оклад;
ЗСД;Подсобный рабочий;5/2;32 184;1;оклад;
ЗСД;Подсобный рабочий;5/2;32 184;1;оклад;
ЗСД;Подсобный рабочий;5/2;32 184;1;оклад;
ЗСД;Подсобный рабочий;5/2;32 184;1;оклад;
ЗСД;Подсобный рабочий;5/2;32 184;1;оклад;
ЗСД;Подсобный рабочий;5/2;32 184;1;оклад;
ЗСД;Подсобный рабочий;5/2;32 184;1;оклад;
ЗСД;Подсобный рабочий;5/2;32 184;1;оклад;
ЗСД;Подсобный рабочий;5/2;32 184;1;оклад;
Легион;Менеджер;5/2;45 978;1;оклад;
Легион;Подсобный рабочий;5/2;29 000;1;оклад;
Легион;Подсобный рабочий;5/2;29 000;1;оклад;
Лемана Про (Партизана Германа);Менеджер;5/2;68 966;1;оклад;
Лемана Про (Партизана Германа);Уборщик производственных и служебных помещений;5/2;29 000;1;оклад;
Лемана Про (Партизана Германа);Уборщик производственных и служебных помещений;5/2;29 000;1;оклад;
Лемана Про (Партизана Германа);Уборщик производственных и служебных помещений;5/2;29 000;1;оклад;
Лемана Про (Партизана Германа);Подсобный рабочий;5/2;29 000;1;оклад;
Лемана Про (Партизана Германа);Подсобный рабочий;5/2;29 000;1;оклад;
Лемана Про (Партизана Германа);Подсобный рабочий;5/2;29 000;1;оклад;
Лемана Про (Партизана Германа);Подсобный рабочий;5/2;29 000;1;оклад;
Лемана Про (Партизана Германа);Подсобный рабочий;5/2;29 000;1;оклад;
Лемана Про (Партизана Германа);Подсобный рабочий;5/2;29 000;1;оклад;
Лемана Про (Партизана Германа);Подсобный рабочий;5/2;29 000;1;оклад;
Лемана Про (Партизана Германа);Подсобный рабочий;5/2;29 000;1;оклад;
Лемана Про (Партизана Германа);Подсобный рабочий;5/2;29 000;1;оклад;
Лемана Про (Петергофское шоссе);Менеджер;5/2;80 460;1;оклад;
Лемана Про (Петергофское шоссе);Подсобный рабочий;5/2;29 000;1;оклад;
Лемана Про (Петергофское шоссе);Подсобный рабочий;5/2;29 000;1;оклад;
Лемана Про (Петергофское шоссе);Подсобный рабочий;5/2;29 000;1;оклад;
Лемана Про (Петергофское шоссе);Подсобный рабочий;5/2;29 000;1;оклад;
Лемана Про (Петергофское шоссе);Подсобный рабочий;5/2;29 000;1;оклад;
Лемана Про (Петергофское шоссе);Подсобный рабочий;5/2;29 000;1;оклад;
Лемана Про (Петергофское шоссе);Подсобный рабочий;5/2;29 000;1;оклад;
Лемана Про (Шушары);Менеджер;5/2;45 978;1;оклад;
Лемана Про (Шушары);Тракторист;5/2;29 000;1;оклад;
Лемана Про (Шушары);Уборщик производственных и служебных помещений;5/2;29 000;1;оклад;
Лемана Про (Шушары);Подсобный рабочий;5/2;29 000;1;оклад;
Лемана Про (Шушары);Подсобный рабочий;5/2;29 000;1;оклад;
Лемана Про (Шушары);Подсобный рабочий;5/2;29 000;1;оклад;
Лемана Про (Шушары);Подсобный рабочий;5/2;29 000;1;оклад;
Лемана Про (Шушары);Подсобный рабочий;5/2;29 000;1;оклад;
Лемана Про (Шушары);Подсобный рабочий;5/2;29 000;1;оклад;
Лемана Про (Шушары);Дворник;5/2;29 000;1;оклад;
Лемана Про (Испытателей);Менеджер;5/2;68 966;1;оклад;
Лемана Про (Испытателей);Подсобный рабочий;5/2;29 000;1;оклад;
Лемана Про (Испытателей);Подсобный рабочий;5/2;29 000;1;оклад;
Лемана Про (Испытателей);Подсобный рабочий;5/2;29 000;1;оклад;
Лемана Про (Испытателей);Подсобный рабочий;5/2;29 000;1;оклад;
Лемана Про (Испытателей);Подсобный рабочий;5/2;29 000;1;оклад;
Лемана Про (Испытателей);Подсобный рабочий;5/2;29 000;1;оклад;
Лемана Про (Испытателей);Подсобный рабочий;5/2;29 000;1;оклад;
Лемана Про (Испытателей);Подсобный рабочий;5/2;29 000;1;оклад;
Лемана Про (Испытателей);Подсобный рабочий;5/2;29 000;1;оклад;
Лемана Про (Испытателей);Подсобный рабочий;5/2;29 000;1;оклад;
Масштаб;Уборщик территорий;5/2;29 000;1;оклад;
Масштаб;Уборщик территорий;5/2;29 000;1;оклад;
Масштаб;Подсобный рабочий;5/2;29 000;1;оклад;
Мега-Дыбенко;Администратор;5/2;291,28;1;тариф;
Мега-Дыбенко;Сотрудник стола информации;5/2;277,34;1/2;тариф;
Мега-Дыбенко;Сотрудник стола информации;5/2;277,34;1/2;тариф;
Мега-Дыбенко;Сотрудник стола информации;5/2;277,34;1/2;тариф;
Мега-Дыбенко;Сотрудник стола информации;5/2;277,34;1;тариф;
Мега-Дыбенко;Старший администратор;5/2;323,93;1;тариф;
Мерседес;Менеджер;5/2;45 978;1;оклад;
Мерседес;Подсобный рабочий;5/2;29 000;1;оклад;
Мерседес;Подсобный рабочий;5/2;29 000;1;оклад;
Мерседес;Подсобный рабочий;5/2;29 000;1;оклад;
Мерседес;Подсобный рабочий;5/2;29 000;1;оклад;
Мерседес;Подсобный рабочий;5/2;29 000;1;оклад;
Мерседес;Подсобный рабочий;5/2;29 000;1;оклад;
Мерседес;Подсобный рабочий;5/2;29 000;1;оклад;
Мерседес;Подсобный рабочий;5/2;29 000;1;оклад;
Мерседес;Подсобный рабочий;5/2;29 000;1;оклад;
Мерседес;Подсобный рабочий;5/2;29 000;1;оклад;
ОЗОН (Бугры);Менеджер;5/2;57 472;1;оклад;
ОЗОН (Бугры);Уборщик производственных и служебных помещений;5/2;28 736;1;оклад;
ОЗОН (Бугры);Уборщик производственных и служебных помещений;5/2;28 736;1;оклад;
ОЗОН (Бугры);Уборщик производственных и служебных помещений;5/2;28 736;1;оклад;
ОЗОН (Бугры);Уборщик производственных и служебных помещений;5/2;28 736;1;оклад;
ОЗОН (Бугры);Подсобный рабочий;5/2;28 736;1;оклад;
ОЗОН (Бугры);Подсобный рабочий;5/2;28 736;1;оклад;
ОЗОН (Бугры);Подсобный рабочий;5/2;29 000;1;оклад;
ОЗОН (Бугры);Подсобный рабочий;5/2;28 736;1;оклад;
ОЗОН (Бугры);Подсобный рабочий;5/2;28 736;1;оклад;
ОЗОН (Бугры);Подсобный рабочий;5/2;29 000;1;оклад;
ОЗОН (Бугры);Подсобный рабочий;5/2;28 736;1;оклад;
ОЗОН (Бугры);Подсобный рабочий;5/2;28 736;1;оклад;
ОЗОН (Волхонское шоссе);Уборщик производственных и служебных помещений;5/2;29 000;1;оклад;
ОЗОН (Волхонское шоссе);Подсобный рабочий;5/2;29 000;1;оклад;
Пепсико;Тракторист;5/2;29 000;1;оклад;
Пепсико;Уборщик территорий;5/2;29 000;1;оклад;
Пепсико;Уборщик производственных и служебных помещений;5/2;29 000;1;оклад;
Пепсико;Уборщик производственных и служебных помещений;5/2;29 000;1;оклад;
Пепсико;Уборщик производственных и служебных помещений;5/2;29 000;1;оклад;
Пепсико;Уборщик производственных и служебных помещений;5/2;29 000;1/2;оклад;
Пепсико;Уборщик производственных и служебных помещений;5/2;29 000;1;оклад;
Пепсико;Уборщик производственных и служебных помещений;5/2;29 000;1;оклад;
Пепсико;Уборщик производственных и служебных помещений;5/2;29 000;1/2;оклад;
Пепсико;Уборщик производственных и служебных помещений;5/2;29 000;1/2;оклад;
Пепсико;Уборщик производственных и служебных помещений;5/2;29 000;1;оклад;
Пепсико;Уборщик производственных и служебных помещений;5/2;29 000;1;оклад;
Пепсико;Уборщик производственных и служебных помещений;5/2;29 000;1/2;оклад;
Пепсико;Уборщик производственных и служебных помещений;5/2;29 000;1;оклад;
Пепсико;Уборщик производственных и служебных помещений;5/2;29 000;1;оклад;
Пепсико;Уборщик производственных и служебных помещений;5/2;29 000;1;оклад;
Пепсико;Подсобный рабочий;5/2;29 000;1;оклад;
Пепсико;Подсобный рабочий;5/2;29 000;1;оклад;
Пепсико;Администратор;5/2;29 000;1;оклад;
Пепсико;Администратор;5/2;29 000;1;оклад;
Пепсико;Монтажник;5/2;29 000;1/2;оклад;
СеверЛиквидГаз;Уборщик производственных и служебных помещений;5/2;29 000;1;оклад;
СеверЛиквидГаз;Уборщик производственных и служебных помещений;5/2;29 000;1/2;оклад;
СеверЛиквидГаз;Подсобный рабочий;5/2;29 000;1/2;оклад;
ТК Василеостровский;Менеджер;5/2;40 230;1;оклад;
ТК Василеостровский;Уборщик производственных и служебных помещений;5/2;29 000;1;оклад;
ТК Василеостровский;Уборщик производственных и служебных помещений;5/2;29 000;1;оклад;
ТК Василеостровский;Подсобный рабочий;5/2;29 000;1;оклад;
ТК Василеостровский;Подсобный рабочий;5/2;29 000;1;оклад;
ТК Василеостровский;Подсобный рабочий;5/2;29 000;1;оклад;
ТК Василеостровский;Дворник;5/2;29 000;1;оклад;
АТАК 548 (Горки-10);Уборщик производственных и служебных помещений;5/2;23 000;1;оклад;
КНАУФ ПЕТРОБОРД (Ступино);Менеджер;5/2;45 978;1/2;оклад;
КНАУФ ПЕТРОБОРД (Ступино);Тракторист;5/2;68 966;1;оклад;
КНАУФ ПЕТРОБОРД (Ступино);Уборщик территорий;5/2;45 978;1;оклад;
КНАУФ ПЕТРОБОРД (Ступино);Уборщик территорий;5/2;45 978;1;оклад;
КНАУФ ПЕТРОБОРД (Ступино);Уборщик производственных и служебных помещений;5/2;45 978;1;оклад;
КНАУФ ПЕТРОБОРД (Ступино);Уборщик производственных и служебных помещений;5/2;45 978;1;оклад;
КНАУФ ПЕТРОБОРД (Ступино);Уборщик производственных и служебных помещений;5/2;45 978;1;оклад;
КНАУФ ПЕТРОБОРД (Ступино);Уборщик производственных и служебных помещений;5/2;45 978;1;оклад;
КНАУФ ПЕТРОБОРД (Ступино);Уборщик производственных и служебных помещений;5/2;45 978;1;оклад;
КНАУФ ПЕТРОБОРД (Ступино);Бригадир;5/2;45 978;1;оклад;
КНАУФ ПЕТРОБОРД (Ступино);Бригадир;5/2;68 966;1;оклад;
Новороссийск;Уборщик производственных и служебных помещений;5/2;22 440;1;оклад;
Новороссийск;Уборщик производственных и служебных помещений;5/2;22 440;1;оклад;
Тихвин;Менеджер;5/2;68 966;1;оклад;
Тихвин;Тракторист;5/2;24 000;1;оклад;
Тихвин;Тракторист;5/2;24 000;1;оклад;
Тихвин;Тракторист;5/2;24 000;1;оклад;
Тихвин;Тракторист;5/2;24 000;1;оклад;
Тихвин;Уборщик территорий;5/2;24 000;1;оклад;
Тихвин;Уборщик территорий;5/2;24 000;1;оклад;
Тихвин;Уборщик производственных и служебных помещений;5/2;24 000;1;оклад;
Тихвин;Уборщик производственных и служебных помещений;5/2;24 000;1;оклад;
Тихвин;Уборщик производственных и служебных помещений;5/2;24 000;1;оклад;
Тихвин;Уборщик производственных и служебных помещений;5/2;24 000;1;оклад;
Пепсико, Домодедово;Менеджер;5/2;103 449;1;оклад;
Пепсико, Домодедово;Тракторист;5/2;23 000;1;оклад;
Пепсико, Домодедово;Уборщик территорий;5/2;23 000;1;оклад;
Пепсико, Домодедово;Уборщик территорий;5/2;23 000;1;оклад;
Пепсико, Домодедово;Уборщик территорий;5/2;23 000;1;оклад;
Пепсико, Домодедово;Уборщик территорий;5/2;23 000;1;оклад;
Пепсико, Домодедово;Уборщик территорий;5/2;23 000;1;оклад;
Пепсико, Домодедово;Уборщик производственных и служебных помещений;5/2;23 000;1;оклад;
Пепсико, Домодедово;Уборщик производственных и служебных помещений;5/2;23 000;1;оклад;
Пепсико, Домодедово;Уборщик производственных и служебных помещений;5/2;23 000;1;оклад;
Пепсико, Домодедово;Уборщик производственных и служебных помещений;5/2;23 000;1;оклад;
Пепсико, Домодедово;Уборщик производственных и служебных помещений;5/2;23 000;1;оклад;
Пепсико, Домодедово;Уборщик производственных и служебных помещений;5/2;23 000;1;оклад;
Пепсико, Домодедово;Уборщик производственных и служебных помещений;5/2;23 000;1;оклад;
ОП Воронеж /Лемана Про;Уборщик производственных и служебных помещений;5/2;34 483;1;оклад;
ОП Воронеж /Лемана Про;Уборщик производственных и служебных помещений;5/2;34 483;1;оклад;
ОП Воронеж /Лемана Про;Уборщик производственных и служебных помещений;5/2;34 483;1;оклад;
ОП Воронеж /Лемана Про;Уборщик производственных и служебных помещений;5/2;34 483;1;оклад;
ОП Воронеж /Лемана Про;Уборщик производственных и служебных помещений;5/2;34 483;1;оклад;
ОП Воронеж /Лемана Про;Уборщик производственных и служебных помещений;5/2;34 483;1;оклад;
ОП Воронеж /Лемана Про;Уборщик производственных и служебных помещений;5/2;34 483;1;оклад;
ОП Воронеж /Лемана Про;Подсобный рабочий;5/2;34 483;1;оклад;
ОП Воронеж /Лемана Про;Подсобный рабочий;5/2;34 483;1;оклад;
ОП Воронеж /Лемана Про;Подсобный рабочий;5/2;34 483;1;оклад;
ОП Воронеж /Лемана Про;Подсобный рабочий;5/2;34 483;1;оклад;
ОП Воронеж /Лемана Про;Подсобный рабочий;5/2;34 483;1;оклад;
ОП Воронеж /Лемана Про;Подсобный рабочий;5/2;34 483;1;оклад;
ОП Воронеж /Лемана Про;Подсобный рабочий;5/2;34 483;1;оклад;
ОП Воронеж /Лемана Про;Подсобный рабочий;5/2;34 483;1;оклад;
ОП Воронеж /Лемана Про;Прессовщик;5/2;34 483;1;оклад;
ОП Воронеж /Лемана Про;Менеджер по производству;5/2;57 472;1;оклад;
ОП Воронеж /Лемана Про;Бригадир;5/2;34 483;1;оклад;
ОП Воронеж /Лемана Про;Бригадир;5/2;34 483;1;оклад;
ОП Воронеж /Лемана Про;Уборщица;5/2;34 483;1;оклад;
ОП Воронеж /Лемана Про;Уборщица;5/2;34 483;1;оклад;
ОП Казань;Администратор;5/2;23 460;1/2;оклад;
ОП Казань;Сотрудник стола информации;5/2;39 831;1;оклад;
ОП Казань;Сотрудник стола информации;5/2;39 831;1;оклад;
ОП Казань;Сотрудник стола информации;5/2;39 831;1/4;оклад;
ОП Казань;Сотрудник стола информации;5/2;39 831;1/2;оклад;
ОП Казань;Помощник администратора;5/2;23 460;1;оклад;
ОП Казань;Помощник администратора;5/2;23 460;1/4;оклад;
ОП Казань;Старший администратор;5/2;64 484;1;оклад;
ОП Котельники;Администратор;5/2;34 500;1;оклад;
ОП Котельники;Администратор;5/2;34 500;1;оклад;
ОП Котельники;Администратор;5/2;34 500;1;оклад;
ОП Котельники;Администратор;5/2;34 500;1;оклад;
ОП Котельники;Администратор;5/2;34 500;1/2;оклад;
ОП Котельники;Администратор;5/2;34 500;1;оклад;
ОП Котельники;Администратор;5/2;34 500;1;оклад;
ОП Котельники;Помощник администратора;5/2;29 900;1;оклад;
ОП Котельники;Помощник администратора;5/2;29 900;1;оклад;
ОП Котельники;Помощник администратора;5/2;29 900;3/4;оклад;
ОП Котельники;Помощник администратора;5/2;29 900;1/2;оклад;
ОП Котельники;Ассистент приемной Администрации;5/2;70 345;1;оклад;
ОП Котельники;Старший администратор;5/2;92 621;1;оклад;
ОП Москва (БЦ Золотое кольцо);Менеджер;5/2;57 472;1;оклад;
ОП Москва (БЦ Золотое кольцо);Уборщик производственных и служебных помещений;5/2;33 000;1;оклад;
ОП Москва (БЦ Золотое кольцо);Уборщик производственных и служебных помещений;5/2;33 000;1;оклад;
ОП Москва (БЦ Золотое кольцо);Уборщик производственных и служебных помещений;5/2;33 000;1;оклад;
ОП Москва (БЦ Золотое кольцо);Уборщик производственных и служебных помещений;5/2;33 000;1;оклад;
ОП Москва (Теплый стан);Администратор;5/2;41 035;1/2;оклад;
ОП Москва (Теплый стан);Администратор;5/2;41 035;1;оклад;
ОП Москва (Теплый стан);Ассистент;5/2;82 070;1;оклад;
ОП Москва (Теплый стан);Секретарь;5/2;70 365;1;оклад;
ОП Москва (Теплый стан);Сотрудник стола информации;5/2;333,08;1;тариф;
ОП Москва (Теплый стан);Сотрудник стола информации;5/2;333,08;1;тариф;
ОП Москва (Теплый стан);Сотрудник стола информации;5/2;333,08;1;тариф;
ОП Москва (Теплый стан);Старший администратор;5/2;79 772;1;оклад;
ОП Москва (М.Видео);Уборщик производственных и служебных помещений;5/2;33 000;1;оклад;
ОП Москва (М.Видео);Уборщик производственных и служебных помещений;5/2;33 000;1;оклад;
ОП Москва (М.Видео);Уборщик производственных и служебных помещений;5/2;33 000;1;оклад;
ОП Москва (М.Видео);Уборщик производственных и служебных помещений;5/2;33 000;1;оклад;
ОП Москва (М.Видео);Уборщик производственных и служебных помещений;5/2;33 000;1;оклад;
ОП Москва (М.Видео);Уборщик производственных и служебных помещений;5/2;33 000;1;оклад;
ОП Москва (М.Видео);Уборщик производственных и служебных помещений;5/2;33 000;1;оклад;
ОП Москва (М.Видео);Уборщик производственных и служебных помещений;5/2;33 000;1;оклад;
ОП Москва (М.Видео);Уборщик производственных и служебных помещений;5/2;33 000;1;оклад;
ОП Москва (М.Видео);Уборщик производственных и служебных помещений;5/2;33 000;1;оклад;
ОП Москва (М.Видео);Уборщик производственных и служебных помещений;5/2;33 000;1;оклад;
ОП Москва (М.Видео);Подсобный рабочий;5/2;33 000;1;оклад;
ОП Москва (М.Видео);Подсобный рабочий;5/2;33 000;1;оклад;
ОП Москва (М.Видео);Подсобный рабочий;5/2;33 000;1;оклад;
ОП Москва (М.Видео);Официант;5/2;33 000;1;оклад;
"ОП Москва БЦ ""Трехгорная мануфактура""";Менеджер;5/2;45 978;1;оклад;
"ОП Москва БЦ ""Трехгорная мануфактура""";Уборщик территорий;5/2;33 000;1;оклад;
"ОП Москва БЦ ""Трехгорная мануфактура""";Уборщик территорий;5/2;33 000;1;оклад;
"ОП Москва БЦ ""Трехгорная мануфактура""";Уборщик производственных и служебных помещений;5/2;33 000;1;оклад;
"ОП Москва БЦ ""Трехгорная мануфактура""";Уборщик производственных и служебных помещений;5/2;33 000;1;оклад;
"ОП Москва БЦ ""Трехгорная мануфактура""";Уборщик производственных и служебных помещений;5/2;33 000;1;оклад;
"ОП Москва БЦ ""Трехгорная мануфактура""";Уборщик производственных и служебных помещений;5/2;33 000;1;оклад;
"ОП Москва БЦ ""Трехгорная мануфактура""";Уборщик производственных и служебных помещений;5/2;33 000;1/2;оклад;
"ОП Москва БЦ ""Трехгорная мануфактура""";Уборщик производственных и служебных помещений;5/2;33 000;1;оклад;
"ОП Москва БЦ ""Трехгорная мануфактура""";Уборщик производственных и служебных помещений;5/2;33 000;1;оклад;
"ОП Москва БЦ ""Трехгорная мануфактура""";Уборщик производственных и служебных помещений;5/2;33 000;1;оклад;
"ОП Москва БЦ ""Трехгорная мануфактура""";Уборщик производственных и служебных помещений;5/2;33 000;1/2;оклад;
ОП Москва (Золотое яблоко);Уборщик производственных и служебных помещений;5/2;33 000;1;оклад;
ОП Москва (Золотое яблоко);Уборщик производственных и служебных помещений;5/2;33 000;1;оклад;
ОП Москва (Золотое яблоко);Уборщик производственных и служебных помещений;5/2;33 000;1;оклад;
ОП Москва (Золотое яблоко);Уборщик производственных и служебных помещений;5/2;33 000;1;оклад;
ОП Москва (Золотое яблоко);Уборщик производственных и служебных помещений;5/2;33 000;1;оклад;
ОП Москва (Золотое яблоко);Уборщик производственных и служебных помещений;5/2;33 000;1;оклад;
ОП Москва (Золотое яблоко);Уборщик производственных и служебных помещений;5/2;33 000;1;оклад;
ОП Москва (Золотое яблоко);Уборщик производственных и служебных помещений;5/2;33 000;1;оклад;
ОП Мурманск /ОЗОН;Менеджер;5/2;42 000;1/4;оклад;
ОП Мурманск /ОЗОН;Уборщик производственных и служебных помещений;5/2;23 000;3/4;оклад;
ОП Мурманск /ОЗОН;Уборщик производственных и служебных помещений;5/2;23 000;3/4;оклад;
ОП Мурманск /ОЗОН;Уборщик производственных и служебных помещений;5/2;23 000;3/4;оклад;
ОП Мурманск /ОЗОН;Уборщик производственных и служебных помещений;5/2;23 000;3/4;оклад;
ОП Мурманск /ОЗОН;Уборщик производственных и служебных помещений;5/2;23 000;3/4;оклад;
ОП Мурманск /ОЗОН;Уборщик производственных и служебных помещений;5/2;23 000;3/4;оклад;
ОП Мурманск /ОЗОН;Уборщик производственных и служебных помещений;5/2;23 000;3/4;оклад;
ОП Мурманск /ОЗОН;Уборщик производственных и служебных помещений;5/2;23 000;3/4;оклад;
ОП Омск;Администратор;5/2;260;1/2;тариф;
ОП Омск;Администратор;5/2;260;1;тариф;
ОП Омск;Администратор;5/2;260;1;тариф;
ОП Омск;Администратор;5/2;260;1/2;тариф;
ОП Омск;Сотрудник стола информации;5/2;215;3/4;тариф;
ОП Омск;Сотрудник стола информации;5/2;215;1/2;тариф;
ОП Омск;Сотрудник стола информации;5/2;215;3/4;тариф;
ОП Омск;Сотрудник стола информации;5/2;215;3/4;тариф;
ОП Омск;Помощник администратора;5/2;50 000;1;оклад;
ОП Петрозаводск /Лемана Про;Менеджер;5/2;29 050;1;оклад;
ОП Петрозаводск /Лемана Про;Менеджер;5/2;29 800;1;оклад;
ОП Петрозаводск /Лемана Про;Уборщик территорий;5/2;22 440;1;оклад;
ОП Петрозаводск /Лемана Про;Уборщик территорий;5/2;22 440;1;оклад;
ОП Петрозаводск /Лемана Про;Уборщик территорий;5/2;22 440;1;оклад;
ОП Петрозаводск /Лемана Про;Уборщик территорий;5/2;22 440;1;оклад;
ОП Петрозаводск /Лемана Про;Уборщик производственных и служебных помещений;5/2;22 440;1;оклад;
ОП Петрозаводск /Лемана Про;Уборщик производственных и служебных помещений;5/2;19 242;1/2;оклад;
ОП Петрозаводск /Лемана Про;Уборщик производственных и служебных помещений;5/2;22 440;1;оклад;
ОП Петрозаводск /Лемана Про;Уборщик производственных и служебных помещений;5/2;22 440;1;оклад;
ОП Петрозаводск /Лемана Про;Уборщик производственных и служебных помещений;5/2;22 440;1;оклад;
ОП Петрозаводск /Лемана Про;Уборщик производственных и служебных помещений;5/2;22 440;1/2;оклад;
ОП Петрозаводск /Лемана Про;Уборщик производственных и служебных помещений;5/2;22 440;1;оклад;
ОП Петрозаводск /Лемана Про;Уборщик производственных и служебных помещений;5/2;22 440;1;оклад;
ОП Петрозаводск /Лемана Про;Уборщик производственных и служебных помещений;5/2;22 440;1;оклад;
ОП Петрозаводск /Лемана Про;Уборщик производственных и служебных помещений;5/2;22 440;1;оклад;
ОП Петрозаводск /Лемана Про;Уборщик производственных и служебных помещений;5/2;22 440;1;оклад;
ОП Петрозаводск /Лемана Про;Уборщик производственных и служебных помещений;5/2;22 440;1;оклад;
ОП Петрозаводск /Лемана Про;Уборщик производственных и служебных помещений;5/2;19 242;1/2;оклад;
ОП Петрозаводск /Лемана Про;Прессовщик;5/2;22 440;1;оклад;
ОП Петрозаводск /Лемана Про;Прессовщик;5/2;22 440;1/2;оклад;
ОП Петрозаводск /Лемана Про;Прессовщик;5/2;22 440;1;оклад;
ОП Петрозаводск /Лемана Про;Прессовщик;5/2;22 440;3/4;оклад;
ОП Петрозаводск /Лемана Про;Дворник;5/2;22 440;1;оклад;
ОП Петрозаводск /Лемана Про;Дворник;5/2;22 440;1;оклад;
ОП Петрозаводск /Лемана Про;Оператор уборки;5/2;22 440;1;оклад;
ОП Петрозаводск /Лемана Про;Оператор уборки;5/2;22 440;1;оклад;
ОП Петрозаводск /Лемана Про;Оператор уборки;5/2;22 440;1;оклад;
ОП Тула - Лемана Про;Менеджер;5/2;74 713;1;оклад;
ОП Тула - Лемана Про;Уборщик производственных и служебных помещений;5/2;25 000;1;оклад;
ОП Тула - Лемана Про;Уборщик производственных и служебных помещений;5/2;25 000;1/2;оклад;
ОП Тула - Лемана Про;Уборщик производственных и служебных помещений;5/2;25 000;1;оклад;
ОП Тула - Лемана Про;Уборщик производственных и служебных помещений;5/2;25 000;1;оклад;
ОП Тула - Лемана Про;Уборщик производственных и служебных помещений;5/2;25 000;1;оклад;
ОП Тула - Лемана Про;Уборщик производственных и служебных помещений;5/2;25 000;1/2;оклад;
ОП Тула - Лемана Про;Уборщик производственных и служебных помещений;5/2;25 000;1;оклад;
ОП Тула - Лемана Про;Подсобный рабочий;5/2;25 000;1;оклад;
ОП Тула - Лемана Про;Подсобный рабочий;5/2;25 000;1;оклад;
ОП Тула - Лемана Про;Подсобный рабочий;5/2;25 000;1;оклад;
ОП Тула - Лемана Про;Подсобный рабочий;5/2;25 000;1;оклад;
ОП Тула - Лемана Про;Подсобный рабочий;5/2;25 000;1;оклад;
ОП Тула - Лемана Про;Подсобный рабочий;5/2;25 000;1;оклад;
ОП Тула - Лемана Про;Подсобный рабочий;5/2;25 000;1/2;оклад;
ОП Тула - Лемана Про;Подсобный рабочий;5/2;25 000;1;оклад;
ОП Тула - Лемана Про;Подсобный рабочий;5/2;25 000;1/2;оклад;
ОП Тула - Лемана Про;Подсобный рабочий;5/2;25 000;1;оклад;
ОП Тула - Лемана Про;Прессовщик;5/2;25 000;1;оклад;
"""ТПК ""Стенова""";Уборщик производственных и служебных помещений;5/2;29 000;1;оклад;
"""ТПК ""Стенова""";Подсобный рабочий;5/2;29 000;1;оклад;
Аллерс;Подсобный рабочий;5/2;24 000;1;оклад;
АТАК 515 (Москва);Уборщик производственных и служебных помещений;5/2;33 000;1;оклад;
Ашан Оранж (Саратов);Уборщик производственных и служебных помещений;5/2;23 000;1;оклад;
Ашан Оранж (Саратов);Уборщик производственных и служебных помещений;5/2;23 000;1;оклад;
Ашан Оранж (Саратов);Уборщик производственных и служебных помещений;5/2;23 000;1;оклад;
Ашан Оранж (Саратов);Уборщик производственных и служебных помещений;5/2;23 000;1;оклад;
Ашан Оранж (Саратов);Уборщик производственных и служебных помещений;5/2;23 000;1;оклад;
Ашан Оранж (Саратов);Уборщик производственных и служебных помещений;5/2;23 000;1;оклад;
Ашан Оранж (Саратов);Уборщик производственных и служебных помещений;5/2;23 000;1;оклад;
Ашан Оранж (Саратов);Уборщик производственных и служебных помещений;5/2;23 000;1;оклад;
Ашан Оранж (Саратов);Уборщик производственных и служебных помещений;5/2;23 000;1;оклад;
Ашан Оранж (Саратов);Прессовщик;5/2;23 000;1;оклад;
Ашан Оранж (Саратов);Прессовщик;5/2;23 000;1;оклад;
Ашан Оранж (Саратов);Прессовщик;5/2;23 000;1;оклад;
Ашан Оранж (Саратов);Прессовщик;5/2;23 000;1;оклад;
Ашан Оранж (Саратов);Прессовщик;5/2;23 000;1;оклад;
Ашан Оранж (Саратов);Менеджер;5/2;22 989;1;оклад;
Ашан Оранж (Саратов);Сборщик тележек;5/2;23 000;1;оклад;
Ашан Оранж (Саратов);Сборщик тележек;5/2;23 000;1;оклад;
Ашан Оранж (Саратов);Бригадир;5/2;23 000;1;оклад;
Ашан Офис (Москва);Уборщик производственных и служебных помещений;5/2;33 000;1/2;оклад;
Ашан Офис (Москва);Уборщик производственных и служебных помещений;5/2;33 000;1;оклад;
Ашан-Сити ТАУ (Саратов);Уборщик производственных и служебных помещений;5/2;23 000;1;оклад;
Ашан-Сити ТАУ (Саратов);Уборщик производственных и служебных помещений;5/2;23 000;1;оклад;
Ашан-Сити ТАУ (Саратов);Уборщик производственных и служебных помещений;5/2;23 000;1/2;оклад;
Ашан-Сити ТАУ (Саратов);Уборщик производственных и служебных помещений;5/2;23 000;1;оклад;
Ашан-Сити ТАУ (Саратов);Уборщик производственных и служебных помещений;5/2;23 000;1;оклад;
Ашан-Сити ТАУ (Саратов);Прессовщик;5/2;23 000;1;оклад;
Ашан-Сити ТАУ (Саратов);Прессовщик;5/2;23 000;1;оклад;
Ашан-Сити ТАУ (Саратов);Прессовщик;5/2;23 000;1;оклад;
Ашан-Сити ТАУ (Саратов);Прессовщик;5/2;23 000;1;оклад;
Ашан-Сити ТАУ (Саратов);Прессовщик;5/2;23 000;1;оклад;
Ашан-Сити ТАУ (Саратов);Менеджер;5/2;57 472;1;оклад;
Ашан-Сити ТАУ (Саратов);Сборщик тележек;5/2;23 000;1;оклад;
Ашан-Сити ТАУ (Саратов);Сборщик тележек;5/2;23 000;1;оклад;
Ашан-Сити ТАУ (Саратов);Сборщик тележек;5/2;23 000;1;оклад;
Ашан-Сити ТАУ (Саратов);Бригадир;5/2;23 000;1;оклад;
Ашан-Сити ТАУ (Саратов);Бригадир;5/2;23 000;1;оклад;
КНАУФ ПЕТРОБОРД (Коммунар);Уборщик производственных и служебных помещений;5/2;24 000;1;оклад;
КНАУФ ПЕТРОБОРД (Коммунар);Уборщик производственных и служебных помещений;5/2;24 000;3/4;оклад;
КНАУФ ПЕТРОБОРД (Коммунар);Уборщик производственных и служебных помещений;5/2;24 000;1/2;оклад;
КНАУФ ПЕТРОБОРД (Коммунар);Уборщик производственных и служебных помещений;5/2;24 000;1/2;оклад;
КНАУФ ПЕТРОБОРД (Коммунар);Уборщик производственных и служебных помещений;5/2;24 000;1/2;оклад;
КНАУФ ПЕТРОБОРД (Коммунар);Уборщик производственных и служебных помещений;5/2;24 000;1/2;оклад;
КНАУФ ПЕТРОБОРД (Коммунар);Уборщик производственных и служебных помещений;5/2;24 000;1;оклад;
КНАУФ ПЕТРОБОРД (Коммунар);Уборщик производственных и служебных помещений;5/2;24 000;1;оклад;
КНАУФ ПЕТРОБОРД (Коммунар);Уборщик производственных и служебных помещений;5/2;24 000;1;оклад;
КНАУФ ПЕТРОБОРД (Коммунар);Уборщик производственных и служебных помещений;5/2;24 000;1/2;оклад;
КНАУФ ПЕТРОБОРД (Коммунар);Уборщик производственных и служебных помещений;5/2;24 000;1;оклад;
КНАУФ ПЕТРОБОРД (Коммунар);Уборщик производственных и служебных помещений;5/2;24 000;1;оклад;
КНАУФ ПЕТРОБОРД (Коммунар);Уборщик производственных и служебных помещений;5/2;24 000;1/2;оклад;
КНАУФ ПЕТРОБОРД (Коммунар);Уборщик производственных и служебных помещений;5/2;24 000;1;оклад;
КНАУФ ПЕТРОБОРД (Коммунар);Уборщик производственных и служебных помещений;5/2;24 000;1;оклад;
КНАУФ ПЕТРОБОРД (Коммунар);Уборщик производственных и служебных помещений;5/2;24 000;1;оклад;
КНАУФ ПЕТРОБОРД (Коммунар);Уборщик производственных и служебных помещений;5/2;24 000;1/2;оклад;
КНАУФ ПЕТРОБОРД (Коммунар);Уборщик производственных и служебных помещений;5/2;24 000;1;оклад;
КНАУФ ПЕТРОБОРД (Коммунар);Уборщик производственных и служебных помещений;5/2;24 000;1/4;оклад;
КНАУФ ПЕТРОБОРД (Коммунар);Уборщик производственных и служебных помещений;5/2;24 000;1;оклад;
КНАУФ ПЕТРОБОРД (Коммунар);Уборщик производственных и служебных помещений;5/2;24 000;1;оклад;
КНАУФ ПЕТРОБОРД (Коммунар);Подсобный рабочий;5/2;24 000;1;оклад;
КНАУФ ПЕТРОБОРД (Коммунар);Подсобный рабочий;5/2;24 000;1;оклад;
КНАУФ ПЕТРОБОРД (Коммунар);Подсобный рабочий;5/2;24 000;1;оклад;
КНАУФ ПЕТРОБОРД (Коммунар);Подсобный рабочий;5/2;24 000;1;оклад;
КНАУФ ПЕТРОБОРД (Коммунар);Подсобный рабочий;5/2;24 000;1;оклад;
КНАУФ ПЕТРОБОРД (Коммунар);Гардеробщик;5/2;24 000;1;оклад;
КНАУФ ПЕТРОБОРД (Коммунар);Гардеробщик;5/2;24 000;1;оклад;
КНАУФ ПЕТРОБОРД (Коммунар);Гардеробщик;5/2;24 000;1;оклад;
КНАУФ ПЕТРОБОРД (Коммунар);Гардеробщик;5/2;24 000;1;оклад;
КНАУФ ПЕТРОБОРД (Коммунар);Гардеробщик;5/2;24 000;1;оклад;
КНАУФ ПЕТРОБОРД (Коммунар);Уборщик территории;5/2;24 000;1;оклад;
КНАУФ ПЕТРОБОРД (Коммунар);Уборщик территории;5/2;24 000;1;оклад;
КНАУФ ПЕТРОБОРД (Коммунар);Уборщик территории;5/2;24 000;1;оклад;
КНАУФ ПЕТРОБОРД (Коммунар);Уборщик территории;5/2;24 000;1;оклад;
КНАУФ ПЕТРОБОРД (Коммунар);Дворник;5/2;24 000;1;оклад;
КНАУФ ПЕТРОБОРД (Коммунар);Тракторист;5/2;24 000;1;оклад;
КНАУФ ПЕТРОБОРД (Коммунар);Тракторист;5/2;24 000;1;оклад;
КНАУФ ПЕТРОБОРД (Коммунар);Менеджер;5/2;91 955;1;оклад;
КНАУФ ПЕТРОБОРД (Коммунар);Прачка;5/2;24 000;1;оклад;
КНАУФ ПЕТРОБОРД (Коммунар);Оператор уборки;5/2;24 000;1/4;оклад;
КНАУФ ПЕТРОБОРД (Коммунар);Переплетчик;5/2;24 000;1/2;оклад;
КПМГ;Уборщик производственных и служебных помещений;5/2;29 000;1;оклад;
КПМГ;Уборщик производственных и служебных помещений;5/2;29 000;1/2;оклад;
Легион;Подсобный рабочий;5/2;29 000;1;оклад;
Легион;Подсобный рабочий;5/2;29 000;1;оклад;
Лемана Про (Петергофское шоссе);Подсобный рабочий;5/2;29 000;1;оклад;
Лемана Про (Петергофское шоссе);Подсобный рабочий;5/2;29 000;1;оклад;
Лемана Про (Петергофское шоссе);Подсобный рабочий;5/2;29 000;1;оклад;
Лемана Про (Петергофское шоссе);Подсобный рабочий;5/2;29 000;1;оклад;
Лемана Про (Петергофское шоссе);Подсобный рабочий;5/2;29 000;1;оклад;
Лемана Про (Шушары);Подсобный рабочий;5/2;29 000;1;оклад;
Лемана Про (Шушары);Подсобный рабочий;5/2;29 000;1;оклад;
Лемана Про (Шушары);Подсобный рабочий;5/2;29 000;1;оклад;
Масштаб;Уборщик территорий;5/2;29 000;1;оклад;
Масштаб;Подсобный рабочий;5/2;29 000;1;оклад;
Мерседес;Подсобный рабочий;5/2;29 000;1;оклад;
Мерседес;Подсобный рабочий;5/2;29 000;1;оклад;
Мерседес;Подсобный рабочий;5/2;29 000;1;оклад;
Нью Сити;Уборщик производственных и служебных помещений;5/2;29 000;1/2;оклад;
Нью Сити;Уборщик производственных и служебных помещений;5/2;29 000;1;оклад;
Нью Сити;Уборщик производственных и служебных помещений;5/2;29 000;1/2;оклад;
Нью Сити;Уборщик производственных и служебных помещений;5/2;29 000;1;оклад;
Нью Сити;Уборщик производственных и служебных помещений;5/2;29 000;1/2;оклад;
Нью Сити;Менеджер по запуску;5/2;40 230;1;оклад;
Нью Сити;Водитель погрузчика;5/2;29 000;1;оклад;
Нью Сити;Уборщик территории;5/2;29 000;1;оклад;
Нью Сити;Тракторист;5/2;29 000;1;оклад;
ОЗОН (Бугры);Уборщик помещений;5/2;29 000;1;оклад;
ОЗОН (Бугры);Уборщик помещений;5/2;29 000;1;оклад;
ОЗОН (Бугры);Уборщик помещений;5/2;29 000;1;оклад;
ОЗОН (Бугры);Уборщик помещений;5/2;29 000;1;оклад;
ОЗОН (Бугры);Уборщик помещений;5/2;29 000;1;оклад;
ОЗОН (Бугры);Подсобный рабочий;5/2;29 000;1;оклад;
ОЗОН (Бугры);Подсобный рабочий;5/2;29 000;1;оклад;
ОЗОН (Бугры);Подсобный рабочий;5/2;29 000;1;оклад;
ОЗОН (Бугры);Подсобный рабочий;5/2;29 000;1;оклад;
ОЗОН (Бугры);Подсобный рабочий;5/2;29 000;1;оклад;
ОЗОН (Бугры);Подсобный рабочий;5/2;29 000;1;оклад;
ОЗОН (Бугры);Уборщик помещений;5/2;29 000;1;оклад;
ОЗОН (Бугры);Уборщик помещений;5/2;29 000;1;оклад;
ОЗОН (Бугры);Уборщик помещений;5/2;29 000;1;оклад;
ОЗОН (Бугры);Уборщик помещений;5/2;29 000;1;оклад;
ОЗОН (Бугры);Подсобный рабочий;5/2;29 000;1;оклад;
ОЗОН (Бугры);Подсобный рабочий;5/2;29 000;1;оклад;
ОЗОН (Бугры);Подсобный рабочий;5/2;29 000;1;оклад;
ОЗОН (Бугры);Подсобный рабочий;5/2;29 000;1;оклад;
ОЗОН (Бугры);Подсобный рабочий;5/2;29 000;1;оклад;
ОЗОН (Бугры);Подсобный рабочий;5/2;29 000;1;оклад;
ОЗОН (Волхонское шоссе);Уборщик помещений;5/2;29 000;1;оклад;
ОЗОН (Волхонское шоссе);Подсобный рабочий;5/2;29 000;1;оклад;
ОП Березники (Уралкалий);Специалист по кадрам;5/2;100 000;1/2;оклад;
ОП Березники (Уралкалий);Руководитель проекта;5/2;149 980;1;оклад;
ОП Березники БКПРУ-2;Администратор;5/2;49 975;1;оклад;
ОП Березники БКПРУ-2;Прачка;5/2;22 440;1;оклад;
ОП Березники БКПРУ-2;Прачка;5/2;22 440;1;оклад;
ОП Березники БКПРУ-2;Оператор уборки;5/2;22 440;1;оклад;
ОП Березники БКПРУ-2;Оператор уборки;5/2;22 440;1;оклад;
ОП Березники БКПРУ-2;Оператор уборки;5/2;22 440;1;оклад;
ОП Березники БКПРУ-2;Оператор уборки;5/2;22 440;1;оклад;
ОП Березники БКПРУ-2;Оператор уборки;5/2;22 440;1;оклад;
ОП Березники БКПРУ-2;Оператор уборки;5/2;22 440;1;оклад;
ОП Березники БКПРУ-2;Оператор уборки;5/2;22 440;1;оклад;
ОП Березники БКПРУ-2;Оператор уборки;5/2;22 440;1;оклад;
ОП Березники БКПРУ-2;Оператор уборки;5/2;22 440;1;оклад;
ОП Березники БКПРУ-2;Оператор уборки;5/2;22 440;1;оклад;
ОП Березники БКПРУ-2;Оператор уборки;5/2;22 440;1/2;оклад;
ОП Березники БКПРУ-2;Оператор уборки;5/2;22 440;1;оклад;
ОП Березники БКПРУ-2;Оператор уборки;5/2;22 440;1;оклад;
ОП Березники БКПРУ-2;Оператор уборки;5/2;22 440;1;оклад;
ОП Березники БКПРУ-2;Оператор уборки;5/2;22 440;1;оклад;
ОП Березники БКПРУ-2;Оператор уборки;5/2;22 440;1/2;оклад;
ОП Березники БКПРУ-2;Оператор уборки;5/2;22 440;1;оклад;
ОП Березники БКПРУ-2;Оператор уборки;5/2;22 440;1;оклад;
ОП Березники БКПРУ-2;Оператор уборки;5/2;22 440;1/2;оклад;
ОП Березники БКПРУ-2;Оператор уборки;5/2;22 440;1;оклад;
ОП Березники БКПРУ-2;Оператор уборки;5/2;22 440;1;оклад;
ОП Березники БКПРУ-2;Оператор уборки;5/2;22 440;1;оклад;
ОП Березники БКПРУ-2;Оператор уборки;5/2;22 440;1;оклад;
ОП Березники БКПРУ-2;Оператор уборки;5/2;22 440;1;оклад;
ОП Березники БКПРУ-2;Оператор уборки;5/2;22 440;1;оклад;
ОП Березники БКПРУ-2;Оператор уборки;5/2;22 440;1;оклад;
ОП Березники БКПРУ-2;Оператор уборки;5/2;22 440;1;оклад;
ОП Березники БКПРУ-2;Оператор уборки;5/2;22 440;1;оклад;
ОП Березники БКПРУ-2;Оператор уборки;5/2;22 440;1;оклад;
ОП Березники БКПРУ-2;Оператор уборки;5/2;22 440;1;оклад;
ОП Березники БКПРУ-2;Оператор уборки;5/2;22 440;1;оклад;
ОП Березники БКПРУ-2;Оператор уборки;5/2;22 440;1;оклад;
ОП Березники БКПРУ-2;Оператор уборки;5/2;22 440;1;оклад;
ОП Березники БКПРУ-2;Оператор уборки;5/2;22 440;1;оклад;
ОП Березники БКПРУ-2;Оператор уборки;5/2;22 440;1;оклад;
ОП Березники БКПРУ-2;Оператор уборки;5/2;22 440;1;оклад;
ОП Березники БКПРУ-2;Оператор уборки;5/2;22 440;1;оклад;
ОП Березники БКПРУ-2;Оператор уборки;5/2;22 440;1;оклад;
ОП Березники БКПРУ-2;Оператор уборки;5/2;22 440;1/2;оклад;
ОП Березники БКПРУ-2;Оператор уборки;5/2;22 440;1/2;оклад;
ОП Березники БКПРУ-2;Оператор уборки;5/2;22 440;1/2;оклад;
ОП Березники БКПРУ-2;Оператор уборки;5/2;22 440;1;оклад;
ОП Березники БКПРУ-2;Оператор уборки;5/2;22 440;1/2;оклад;
ОП Березники БКПРУ-2;Оператор уборки;5/2;22 440;1/2;оклад;
ОП Березники БКПРУ-2;Оператор уборки;5/2;22 440;1/2;оклад;
ОП Березники БКПРУ-2;Оператор уборки;5/2;22 440;1;оклад;
ОП Березники БКПРУ-2;Оператор уборки;5/2;22 440;1;оклад;
ОП Березники БКПРУ-2;Оператор уборки;5/2;22 440;1;оклад;
ОП Березники БКПРУ-2;Оператор уборки;5/2;22 440;1;оклад;
ОП Березники БКПРУ-2;Оператор уборки;5/2;22 440;1;оклад;
ОП Березники БКПРУ-2;Оператор уборки;5/2;22 440;1;оклад;
ОП Березники БКПРУ-2;Оператор уборки;5/2;22 440;1;оклад;
ОП Березники БКПРУ-2;Оператор уборки;5/2;22 440;1;оклад;
ОП Березники БКПРУ-2;Швея;5/2;22 440;1;оклад;
ОП Березники БКПРУ-2;Швея;5/2;22 440;1;оклад;
ОП Березники БКПРУ-3;Оператор уборки;5/2;22 440;1;оклад;
ОП Березники БКПРУ-3;Оператор уборки;5/2;22 440;1;оклад;
ОП Березники БКПРУ-3;Оператор уборки;5/2;22 440;1;оклад;
ОП Березники БКПРУ-3;Оператор уборки;5/2;22 440;1;оклад;
ОП Березники БКПРУ-3;Оператор уборки;5/2;22 440;1;оклад;
ОП Березники БКПРУ-3;Оператор уборки;5/2;22 440;1/4;оклад;
ОП Березники БКПРУ-3;Оператор уборки;5/2;22 440;1;оклад;
ОП Березники БКПРУ-3;Оператор уборки;5/2;22 440;1;оклад;
ОП Березники БКПРУ-3;Оператор уборки;5/2;22 440;1;оклад;
ОП Березники БКПРУ-3;Оператор уборки;5/2;22 440;1;оклад;
ОП Березники БКПРУ-3;Оператор уборки;5/2;22 440;1/2;оклад;
ОП Березники БКПРУ-3;Оператор уборки;5/2;22 440;1;оклад;
ОП Березники БКПРУ-3;Оператор уборки;5/2;22 440;1;оклад;
ОП Березники БКПРУ-3;Оператор уборки;5/2;22 440;1;оклад;
ОП Березники БКПРУ-3;Оператор уборки;5/2;22 440;1;оклад;
ОП Березники БКПРУ-3;Оператор уборки;5/2;22 440;1;оклад;
ОП Березники БКПРУ-3;Оператор уборки;5/2;22 440;1;оклад;
ОП Березники БКПРУ-3;Оператор уборки;5/2;22 440;1;оклад;
ОП Березники БКПРУ-3;Оператор уборки;5/2;22 440;1;оклад;
ОП Березники БКПРУ-3;Оператор уборки;5/2;22 440;1;оклад;
ОП Березники БКПРУ-3;Оператор уборки;5/2;22 440;1;оклад;
ОП Березники БКПРУ-3;Оператор уборки;5/2;22 440;1;оклад;
ОП Березники БКПРУ-3;Оператор уборки;5/2;22 440;1;оклад;
ОП Березники БКПРУ-3;Оператор уборки;5/2;22 440;1;оклад;
ОП Березники БКПРУ-3;Оператор уборки;5/2;22 440;1;оклад;
ОП Березники БКПРУ-3;Оператор уборки;5/2;22 440;1/2;оклад;
ОП Березники БКПРУ-3;Оператор уборки;5/2;22 440;1/2;оклад;
ОП Березники БКПРУ-3;Оператор уборки;5/2;22 440;1;оклад;
ОП Березники БКПРУ-3;Оператор уборки;5/2;22 440;1;оклад;
ОП Березники БКПРУ-3;Оператор уборки;5/2;22 440;1;оклад;
ОП Березники БКПРУ-3;Оператор уборки;5/2;22 440;1/2;оклад;
ОП Березники БКПРУ-4;Администратор;5/2;50 000;1/2;оклад;
ОП Березники БКПРУ-4;Прачка;5/2;22 440;1;оклад;
ОП Березники БКПРУ-4;Оператор уборки;5/2;22 440;1;оклад;
ОП Березники БКПРУ-4;Оператор уборки;5/2;22 440;1;оклад;
ОП Березники БКПРУ-4;Оператор уборки;5/2;22 440;1;оклад;
ОП Березники БКПРУ-4;Оператор уборки;5/2;22 440;1;оклад;
ОП Березники БКПРУ-4;Оператор уборки;5/2;22 440;1;оклад;
ОП Березники БКПРУ-4;Оператор уборки;5/2;22 440;1;оклад;
ОП Березники БКПРУ-4;Оператор уборки;5/2;22 440;1;оклад;
ОП Березники БКПРУ-4;Оператор уборки;5/2;22 440;1;оклад;
ОП Березники БКПРУ-4;Оператор уборки;5/2;22 440;1;оклад;
ОП Березники БКПРУ-4;Оператор уборки;5/2;22 440;1;оклад;
ОП Березники БКПРУ-4;Оператор уборки;5/2;22 440;1;оклад;
ОП Березники БКПРУ-4;Оператор уборки;5/2;22 440;1;оклад;
ОП Березники БКПРУ-4;Оператор уборки;5/2;22 440;1;оклад;
ОП Березники БКПРУ-4;Оператор уборки;5/2;22 440;1;оклад;
ОП Березники БКПРУ-4;Оператор уборки;5/2;22 440;1;оклад;
ОП Березники БКПРУ-4;Оператор уборки;5/2;22 440;1;оклад;
ОП Березники БКПРУ-4;Оператор уборки;5/2;22 440;1;оклад;
ОП Березники БКПРУ-4;Оператор уборки;5/2;22 440;1;оклад;
ОП Березники БКПРУ-4;Оператор уборки;5/2;22 440;1;оклад;
ОП Березники БКПРУ-4;Оператор уборки;5/2;22 440;1;оклад;
ОП Березники БКПРУ-4;Оператор уборки;5/2;22 440;1;оклад;
ОП Березники БКПРУ-4;Оператор уборки;5/2;22 440;1;оклад;
ОП Березники БКПРУ-4;Оператор уборки;5/2;22 440;1;оклад;
ОП Березники БКПРУ-4 (рудник);Администратор;5/2;49 975;1;оклад;
ОП Березники БКПРУ-4 (рудник);Прачка;5/2;22 440;1;оклад;
ОП Березники БКПРУ-4 (рудник);Оператор уборки;5/2;22 440;1;оклад;
ОП Березники БКПРУ-4 (рудник);Оператор уборки;5/2;22 440;1;оклад;
ОП Березники БКПРУ-4 (рудник);Оператор уборки;5/2;22 440;1;оклад;
ОП Березники БКПРУ-4 (рудник);Оператор уборки;5/2;22 440;1;оклад;
ОП Березники БКПРУ-4 (рудник);Оператор уборки;5/2;22 440;1;оклад;
ОП Березники БКПРУ-4 (рудник);Оператор уборки;5/2;22 440;1;оклад;
ОП Березники БКПРУ-4 (рудник);Оператор уборки;5/2;22 440;1/4;оклад;
ОП Березники БКПРУ-4 (рудник);Оператор уборки;5/2;22 440;1;оклад;
ОП Березники БКПРУ-4 (рудник);Оператор уборки;5/2;22 440;1;оклад;
ОП Березники БКПРУ-4 (рудник);Оператор уборки;5/2;22 440;1;оклад;
ОП Березники БКПРУ-4 (рудник);Оператор уборки;5/2;22 440;1;оклад;
ОП Березники БКПРУ-4 (рудник);Оператор уборки;5/2;22 440;1/4;оклад;
ОП Березники БКПРУ-4 (рудник);Оператор уборки;5/2;22 440;1;оклад;
ОП Березники БКПРУ-4 (рудник);Оператор уборки;5/2;22 440;1;оклад;
ОП Березники БКПРУ-4 (рудник);Оператор уборки;5/2;22 440;1;оклад;
ОП Березники БКПРУ-4 (рудник);Оператор уборки;5/2;22 440;1;оклад;
ОП Березники БКПРУ-4 (рудник);Оператор уборки;5/2;22 440;1/4;оклад;
ОП Березники БКПРУ-4 (рудник);Оператор уборки;5/2;22 440;1/4;оклад;
ОП Березники БКПРУ-4 (рудник);Оператор уборки;5/2;22 440;1;оклад;
ОП Березники БКПРУ-4 (рудник);Оператор уборки;5/2;22 440;1;оклад;
ОП Березники БКПРУ-4 (рудник);Оператор уборки;5/2;22 440;1/4;оклад;
ОП Березники БКПРУ-4 (рудник);Оператор уборки;5/2;22 440;1;оклад;
ОП Березники БКПРУ-4 (рудник);Оператор уборки;5/2;22 440;1;оклад;
ОП Березники БКПРУ-4 (рудник);Оператор уборки;5/2;22 440;1/4;оклад;
ОП Березники БКПРУ-4 (рудник);Оператор уборки;5/2;22 440;1/4;оклад;
ОП Березники БКПРУ-4 (рудник);Оператор уборки;5/2;22 440;1/4;оклад;
ОП Березники БКПРУ-4 (рудник);Оператор уборки;5/2;22 440;1/4;оклад;
ОП Березники БКПРУ-4 (рудник);Оператор уборки;5/2;22 440;1;оклад;
ОП Березники БКПРУ-4 (рудник);Слесарь;5/2;22 440;1/4;оклад;
ОП Березники Управление;Подсобный рабочий;5/2;22 440;1;оклад;
ОП Березники Управление;Подсобный рабочий;5/2;22 440;1;оклад;
ОП Березники Управление;Подсобный рабочий;5/2;22 440;1;оклад;
ОП Березники Управление;Администратор;5/2;49 975;1;оклад;
ОП Березники Управление;Дворник;5/2;22 440;1;оклад;
ОП Березники Управление;Дворник;5/2;22 440;1;оклад;
ОП Березники Управление;Дворник;5/2;22 440;1;оклад;
ОП Березники Управление;Дворник;5/2;22 440;1;оклад;
ОП Березники Управление;Дворник;5/2;22 440;3/4;оклад;
ОП Березники Управление;Грузчик;5/2;22 440;1;оклад;
ОП Березники Управление;Прачка;5/2;22 440;1;оклад;
ОП Березники Управление;Оператор уборки;5/2;22 440;3/4;оклад;
ОП Березники Управление;Оператор уборки;5/2;22 440;3/4;оклад;
ОП Березники Управление;Оператор уборки;5/2;22 440;1;оклад;
ОП Березники Управление;Оператор уборки;5/2;22 440;1;оклад;
ОП Березники Управление;Оператор уборки;5/2;22 440;1;оклад;
ОП Березники Управление;Оператор уборки;5/2;22 440;1;оклад;
ОП Березники Управление;Оператор уборки;5/2;22 440;1;оклад;
ОП Березники Управление;Оператор уборки;5/2;22 440;1;оклад;
ОП Березники Управление;Оператор уборки;5/2;22 440;3/4;оклад;
ОП Березники Управление;Оператор уборки;5/2;22 440;1;оклад;
ОП Березники Управление;Оператор уборки;5/2;22 440;1;оклад;
ОП Березники Управление;Оператор уборки;5/2;22 440;1;оклад;
ОП Березники Управление;Оператор уборки;5/2;22 440;1;оклад;
ОП Березники Управление;Оператор уборки;5/2;22 440;1;оклад;
ОП Березники Управление;Оператор уборки;5/2;22 440;1;оклад;
ОП Березники Управление;Оператор уборки;5/2;22 440;3/4;оклад;
ОП Березники Управление;Оператор уборки;5/2;22 440;1;оклад;
ОП Березники Управление;Оператор уборки;5/2;22 440;3/4;оклад;
ОП Березники Управление;Оператор уборки;5/2;22 440;1;оклад;
ОП Березники Управление;Оператор уборки;5/2;22 440;3/4;оклад;
ОП Березники Управление;Оператор уборки;5/2;22 440;1;оклад;
ОП Березники Управление;Оператор уборки;5/2;22 440;3/4;оклад;
ОП Березники Управление;Оператор уборки;5/2;22 440;1;оклад;
ОП Березники Управление;Оператор уборки;5/2;22 440;1;оклад;
ОП Березники Управление;Оператор уборки;5/2;22 440;1;оклад;
ОП Березники Управление;Оператор уборки;5/2;22 440;1;оклад;
ОП Березники Управление;Оператор уборки;5/2;22 440;1;оклад;
ОП Березники Управление;Оператор уборки;5/2;22 440;1;оклад;
ОП Березники Управление;Оператор уборки;5/2;22 440;1;оклад;
ОП Березники Управление;Оператор уборки;5/2;22 440;1;оклад;
ОП Березники Управление;Оператор уборки;5/2;22 440;1;оклад;
ОП Березники Управление;Горничная;5/2;22 440;1;оклад;
ОП Березники Управление;Горничная;5/2;22 440;1/2;оклад;
ОП Березники Управление;Горничная;5/2;22 440;1;оклад;
ОП Березники Управление;Горничная;5/2;22 440;1;оклад;
ОП Березники Управление;Горничная;5/2;22 440;3/4;оклад;
ОП Березники Управление;Смотритель музея;5/2;22 440;1;оклад;
ОП Березники УЯР;Администратор;5/2;50 000;1;оклад;
ОП Березники УЯР;Прачка;5/2;22 440;1;оклад;
ОП Березники УЯР;Оператор уборки;5/2;22 440;1;оклад;
ОП Березники УЯР;Оператор уборки;5/2;22 440;1/2;оклад;
ОП Березники УЯР;Оператор уборки;5/2;22 440;1;оклад;
ОП Березники УЯР;Оператор уборки;5/2;22 440;1/2;оклад;
ОП Березники УЯР;Оператор уборки;5/2;22 440;1;оклад;
ОП Березники УЯР;Оператор уборки;5/2;22 440;1;оклад;
ОП Березники УЯР;Оператор уборки;5/2;22 440;1;оклад;
ОП Березники УЯР;Оператор уборки;5/2;22 440;1;оклад;
ОП Березники УЯР;Оператор уборки;5/2;22 440;1/2;оклад;
ОП Березники УЯР;Оператор уборки;5/2;22 440;1;оклад;
ОП Березники УЯР;Оператор уборки;5/2;22 440;1;оклад;
ОП Березники УЯР;Оператор уборки;5/2;22 440;1;оклад;
ОП Березники УЯР;Оператор уборки;5/2;22 440;1;оклад;
ОП Березники УЯР;Оператор уборки;5/2;22 440;1;оклад;
ОП Березники УЯР;Оператор уборки;5/2;22 440;1/2;оклад;
ОП Березники УЯР;Оператор уборки;5/2;22 440;1;оклад;
ОП Березники УЯР;Оператор уборки;5/2;22 440;1/2;оклад;
ОП Березники УЯР;Оператор уборки;5/2;22 440;1;оклад;
ОП Березники УЯР;Оператор уборки;5/2;22 440;1;оклад;
ОП Березники УЯР;Оператор уборки;5/2;22 440;1;оклад;
ОП Березники УЯР;Оператор уборки;5/2;22 440;1;оклад;
ОП Березники УЯР;Оператор уборки;5/2;22 440;1;оклад;
ОП Березники УЯР;Оператор уборки;5/2;22 440;1/2;оклад;
ОП Березники УЯР;Оператор уборки;5/2;22 440;1/2;оклад;
ОП Березники УЯР;Оператор уборки;5/2;22 440;1/2;оклад;
ОП Березники УЯР;Оператор уборки;5/2;22 440;1/2;оклад;
ОП Невинномысский Азот;Администратор;5/2;27 000;1;оклад;
ОП Невинномысский Азот;Администратор;5/2;27 000;1;оклад;
ОП Невинномысский Азот;Администратор;5/2;27 000;1/2;оклад;
ОП Невинномысский Азот;Администратор;5/2;27 000;1;оклад;
ОП Невинномысский Азот;Водитель автомобиля;5/2;27 000;1;оклад;
ОП Невинномысский Азот;Управляющий;5/2;114 943;1;оклад;
ОП Невинномысский Азот;Инженер по охране труда;5/2;27 000;1/2;оклад;
ОП Невинномысский Азот, Заводоуправление;Оператор уборки;5/2;27 000;1;оклад;
ОП Невинномысский Азот, Заводоуправление;Оператор уборки;5/2;27 000;1/2;оклад;
ОП Невинномысский Азот, Заводоуправление;Оператор уборки;5/2;27 000;1/2;оклад;
ОП Невинномысский Азот, Заводоуправление;Оператор уборки;5/2;27 000;1/2;оклад;
ОП Невинномысский Азот, Заводоуправление;Оператор уборки;5/2;27 000;1/2;оклад;
ОП Невинномысский Азот, Заводоуправление;Оператор уборки;5/2;27 000;1/2;оклад;
ОП Невинномысский Азот, Заводоуправление;Оператор уборки;5/2;27 000;1/2;оклад;
ОП Невинномысский Азот, Заводоуправление;Оператор уборки;5/2;27 000;1/2;оклад;
ОП Невинномысский Азот, Заводоуправление;Оператор уборки;5/2;27 000;1/2;оклад;
ОП Невинномысский Азот, Заводоуправление;Оператор уборки;5/2;27 000;1/2;оклад;
ОП Невинномысский Азот, Заводоуправление;Оператор уборки;5/2;27 000;1/2;оклад;
ОП Невинномысский Азот, Заводоуправление;Оператор уборки;5/2;27 000;1/2;оклад;
ОП Невинномысский Азот, Заводоуправление;Оператор уборки;5/2;27 000;1/2;оклад;
ОП Невинномысский Азот, Заводоуправление;Оператор уборки;5/2;27 000;1/2;оклад;
ОП Невинномысский Азот, Заводоуправление;Оператор уборки;5/2;27 000;1;оклад;
ОП Невинномысский Азот, Территория;Подсобный рабочий;5/2;27 000;1/2;оклад;
ОП Невинномысский Азот, Территория;Подсобный рабочий;5/2;27 000;1/4;оклад;
ОП Невинномысский Азот, Территория;Подсобный рабочий;5/2;27 000;1;оклад;
ОП Невинномысский Азот, Территория;Подсобный рабочий;5/2;27 000;1/2;оклад;
ОП Невинномысский Азот, Территория;Подсобный рабочий;5/2;27 000;1;оклад;
ОП Невинномысский Азот, Территория;Подсобный рабочий;5/2;27 000;1;оклад;
ОП Невинномысский Азот, Территория;Подсобный рабочий;5/2;27 000;1;оклад;
ОП Невинномысский Азот, Территория;Подсобный рабочий;5/2;27 000;1;оклад;
ОП Невинномысский Азот, Территория;Подсобный рабочий;5/2;27 000;1/4;оклад;
ОП Невинномысский Азот, Территория;Подсобный рабочий;5/2;27 000;1/2;оклад;
ОП Невинномысский Азот, Территория;Подсобный рабочий;5/2;27 000;1;оклад;
ОП Невинномысский Азот, Территория;Подсобный рабочий;5/2;27 000;1/2;оклад;
ОП Невинномысский Азот, Территория;Подсобный рабочий;5/2;27 000;1/2;оклад;
ОП Невинномысский Азот, Территория;Подсобный рабочий;5/2;27 000;1/2;оклад;
ОП Невинномысский Азот, Территория;Подсобный рабочий;5/2;27 000;1/2;оклад;
ОП Невинномысский Азот, Территория;Подсобный рабочий;5/2;27 000;1;оклад;
ОП Невинномысский Азот, Территория;Подсобный рабочий;5/2;27 000;1/2;оклад;
ОП Невинномысский Азот, Территория;Подсобный рабочий;5/2;27 000;1/2;оклад;
ОП Невинномысский Азот, Территория;Подсобный рабочий;5/2;27 000;1/2;оклад;
ОП Невинномысский Азот, Территория;Подсобный рабочий;5/2;27 000;1/4;оклад;
ОП Невинномысский Азот, Территория;Подсобный рабочий;5/2;27 000;1/4;оклад;
ОП Невинномысский Азот, Территория;Подсобный рабочий;5/2;27 000;1;оклад;
ОП Невинномысский Азот, Территория;Подсобный рабочий;5/2;27 000;1;оклад;
ОП Невинномысский Азот, Территория;Подсобный рабочий;5/2;27 000;1/2;оклад;
ОП Невинномысский Азот, Территория;Подсобный рабочий;5/2;27 000;1/4;оклад;
ОП Невинномысский Азот, Территория;Подсобный рабочий;5/2;27 000;1/4;оклад;
ОП Невинномысский Азот, Территория;Подсобный рабочий;5/2;27 000;1;оклад;
ОП Невинномысский Азот, Территория;Подсобный рабочий;5/2;27 000;1/2;оклад;
ОП Невинномысский Азот, Территория;Подсобный рабочий;5/2;27 000;1/2;оклад;
ОП Невинномысский Азот, Территория;Подсобный рабочий;5/2;27 000;1;оклад;
ОП Невинномысский Азот, Территория;Подсобный рабочий;5/2;27 000;1/2;оклад;
ОП Невинномысский Азот, Территория;Подсобный рабочий;5/2;27 000;1/2;оклад;
ОП Невинномысский Азот, Территория;Подсобный рабочий;5/2;27 000;1;оклад;
ОП Невинномысский Азот, Территория;Подсобный рабочий;5/2;27 000;1;оклад;
ОП Невинномысский Азот, Территория;Подсобный рабочий;5/2;27 000;1;оклад;
ОП Невинномысский Азот, Территория;Подсобный рабочий;5/2;27 000;1;оклад;
ОП Невинномысский Азот, Территория;Подсобный рабочий;5/2;27 000;1/2;оклад;
ОП Невинномысский Азот, Территория;Подсобный рабочий;5/2;27 000;1;оклад;
ОП Невинномысский Азот, Территория;Подсобный рабочий;5/2;27 000;1;оклад;
ОП Невинномысский Азот, Территория;Подсобный рабочий;5/2;27 000;1;оклад;
ОП Невинномысский Азот, Территория;Подсобный рабочий;5/2;27 000;1;оклад;
ОП Невинномысский Азот, Территория;Подсобный рабочий;5/2;27 000;1;оклад;
ОП Невинномысский Азот, Территория;Подсобный рабочий;5/2;27 000;1/2;оклад;
ОП Невинномысский Азот, Территория;Подсобный рабочий;5/2;27 000;1;оклад;
ОП Невинномысский Азот, Территория;Подсобный рабочий;5/2;27 000;1/2;оклад;
ОП Невинномысский Азот, Территория;Механик;5/2;27 000;1;оклад;
ОП Невинномысский Азот, Территория;Водитель автомобиля;5/2;27 000;1;оклад;
ОП Невинномысский Азот, Территория;Тракторист;5/2;27 000;1;оклад;
ОП Невинномысский Азот, Территория;Тракторист;5/2;27 000;1;оклад;
ОП Невинномысский Азот, Территория;Тракторист;5/2;27 000;1;оклад;
ОП Невинномысский Азот, Территория;Тракторист;5/2;27 000;1;оклад;
ОП Невинномысский Азот, Территория;Тракторист;5/2;27 000;1;оклад;
ОП Невинномысский Азот, Территория;Оператор уборки;5/2;27 000;1;оклад;
ОП Невинномысский Азот, Территория;Садовник;5/2;27 000;1;оклад;
ОП Невинномысский Азот, Территория;Садовник;5/2;27 000;1;оклад;
ОП Невинномысский Азот, Цех;Оператор уборки;5/2;27 000;1;оклад;
ОП Невинномысский Азот, Цех;Оператор уборки;5/2;27 000;1;оклад;
ОП Невинномысский Азот, Цех;Оператор уборки;5/2;27 000;3/4;оклад;
ОП Невинномысский Азот, Цех;Оператор уборки;5/2;27 000;1;оклад;
ОП Невинномысский Азот, Цех;Оператор уборки;5/2;27 000;1;оклад;
ОП Невинномысский Азот, Цех;Оператор уборки;5/2;27 000;3/4;оклад;
ОП Невинномысский Азот, Цех;Оператор уборки;5/2;27 000;1/2;оклад;
ОП Невинномысский Азот, Цех;Оператор уборки;5/2;27 000;1;оклад;
ОП Невинномысский Азот, Цех;Оператор уборки;5/2;27 000;1;оклад;
ОП Невинномысский Азот, Цех;Оператор уборки;5/2;27 000;1;оклад;
ОП Невинномысский Азот, Цех;Оператор уборки;5/2;27 000;1;оклад;
ОП Невинномысский Азот, Цех;Оператор уборки;5/2;27 000;1;оклад;
ОП Невинномысский Азот, Цех;Оператор уборки;5/2;27 000;1/2;оклад;
ОП Невинномысский Азот, Цех;Оператор уборки;5/2;27 000;1;оклад;
ОП Невинномысский Азот, Цех;Оператор уборки;5/2;27 000;1/2;оклад;
ОП Невинномысский Азот, Цех;Оператор уборки;5/2;27 000;1;оклад;
ОП Невинномысский Азот, Цех;Оператор уборки;5/2;27 000;1/2;оклад;
ОП Невинномысский Азот, Цех;Оператор уборки;5/2;27 000;1;оклад;
ОП Невинномысский Азот, Цех;Оператор уборки;5/2;27 000;1/2;оклад;
ОП Невинномысский Азот, Цех;Оператор уборки;5/2;27 000;1/2;оклад;
ОП Невинномысский Азот, Цех;Оператор уборки;5/2;27 000;1;оклад;
ОП Невинномысский Азот, Цех;Оператор уборки;5/2;27 000;1/2;оклад;
ОП Невинномысский Азот, Цех;Оператор уборки;5/2;27 000;1/2;оклад;
ОП Невинномысский Азот, Цех;Оператор уборки;5/2;27 000;1;оклад;
ОП Невинномысский Азот, Цех;Оператор уборки;5/2;27 000;1;оклад;
ОП Невинномысский Азот, Цех;Оператор уборки;5/2;27 000;3/4;оклад;
ОП Невинномысский Азот, Цех;Оператор уборки;5/2;27 000;1;оклад;
ОП Невинномысский Азот, Цех;Оператор уборки;5/2;27 000;1/2;оклад;
ОП Невинномысский Азот, Цех;Оператор уборки;5/2;27 000;1;оклад;
ОП Невинномысский Азот, Цех;Оператор уборки;5/2;27 000;1;оклад;
ОП Невинномысский Азот, Цех;Оператор уборки;5/2;27 000;1;оклад;
ОП Невинномысский Азот, Цех;Оператор уборки;5/2;27 000;1;оклад;
ОП Невинномысский Азот, Цех;Оператор уборки;5/2;27 000;1;оклад;
ОП Невинномысский Азот, Цех;Оператор уборки;5/2;27 000;1;оклад;
ОП Невинномысский Азот, Цех;Оператор уборки;5/2;27 000;1;оклад;
ОП Невинномысский Азот, Цех;Оператор уборки;5/2;27 000;1;оклад;
ОП Невинномысский Азот, Цех;Оператор уборки;5/2;27 000;3/4;оклад;
ОП Невинномысский Азот, Цех;Оператор уборки;5/2;27 000;3/4;оклад;
ОП Невинномысский Азот, Цех;Оператор уборки;5/2;27 000;1/2;оклад;
ОП Невинномысский Азот, Цех;Оператор уборки;5/2;27 000;1;оклад;
ОП Невинномысский Азот, Цех;Оператор уборки;5/2;27 000;1;оклад;
ОП Невинномысский Азот, Цех;Оператор уборки;5/2;27 000;1;оклад;
ОП Новомосковский Азот;Гардеробщик;5/2;22 440;1;оклад;
ОП Новомосковский Азот;Администратор;5/2;57 472;1;оклад;
ОП Новомосковский Азот;Администратор;5/2;57 472;1;оклад;
ОП Новомосковский Азот;Оператор уборки;5/2;22 440;1;оклад;
ОП Новомосковский Азот;Оператор уборки;5/2;22 440;1;оклад;
ОП Новомосковский Азот;Оператор уборки;5/2;22 440;1;оклад;
ОП Новомосковский Азот;Оператор уборки;5/2;22 440;1;оклад;
ОП Новомосковский Азот;Оператор уборки;5/2;22 440;1;оклад;
ОП Новомосковский Азот;Оператор уборки;5/2;22 440;1;оклад;
ОП Новомосковский Азот;Оператор уборки;5/2;22 440;1;оклад;
ОП Новомосковский Азот;Оператор уборки;5/2;22 440;1;оклад;
ОП Новомосковский Азот;Оператор уборки;5/2;22 440;1;оклад;
ОП Новомосковский Азот;Оператор уборки;5/2;22 440;1;оклад;
ОП Новомосковский Азот;Оператор уборки;5/2;22 440;1;оклад;
ОП Новомосковский Азот;Оператор уборки;5/2;22 440;1;оклад;
ОП Новомосковский Азот;Оператор уборки;5/2;22 440;1;оклад;
ОП Новомосковский Азот;Оператор уборки;5/2;22 440;1;оклад;
ОП Новомосковский Азот;Оператор уборки;5/2;22 440;1;оклад;
ОП Новомосковский Азот;Оператор уборки;5/2;22 440;1;оклад;
ОП Новомосковский Азот;Оператор уборки;5/2;22 440;1;оклад;
ОП Новомосковский Азот;Оператор уборки;5/2;22 440;1;оклад;
ОП Новомосковский Азот;Оператор уборки;5/2;22 440;1;оклад;
ОП Новомосковский Азот;Оператор уборки;5/2;22 440;1;оклад;
ОП Новомосковский Азот;Оператор уборки;5/2;22 440;1;оклад;
ОП Новомосковский Азот;Оператор уборки;5/2;22 440;1;оклад;
ОП Новомосковский Азот;Оператор уборки;5/2;22 440;1;оклад;
ОП Новомосковский Азот;Оператор уборки;5/2;22 440;1;оклад;
ОП Новомосковский Азот;Оператор уборки;5/2;22 440;1;оклад;
ОП Новомосковский Азот;Оператор уборки;5/2;22 440;1;оклад;
ОП Новомосковский Азот;Оператор уборки;5/2;22 440;1;оклад;
ОП Новомосковский Азот;Оператор уборки;5/2;22 440;1;оклад;
ОП Новомосковский Азот;Оператор уборки;5/2;22 440;1;оклад;
ОП Новомосковский Азот;Оператор уборки;5/2;22 440;1;оклад;
ОП Новомосковский Азот;Оператор уборки;5/2;22 440;1;оклад;
ОП Новомосковский Азот;Оператор уборки;5/2;22 440;1;оклад;
ОП Новомосковский Азот;Оператор уборки;5/2;22 440;1;оклад;
ОП Новомосковский Азот;Оператор уборки;5/2;22 440;1;оклад;
ОП Новомосковский Азот;Оператор уборки;5/2;22 440;1;оклад;
ОП Новомосковский Азот;Оператор уборки;5/2;22 440;1;оклад;
ОП Новомосковский Азот;Оператор уборки;5/2;22 440;1;оклад;
ОП Новомосковский Азот;Оператор уборки;5/2;22 440;1;оклад;
ОП Новомосковский Азот;Оператор уборки;5/2;22 440;1;оклад;
ОП Новомосковский Азот;Оператор уборки;5/2;22 440;1;оклад;
ОП Новомосковский Азот;Оператор уборки;5/2;22 440;1;оклад;
ОП Новомосковский Азот;Оператор уборки;5/2;22 440;1;оклад;
ОП Новомосковский Азот;Оператор уборки;5/2;22 440;1;оклад;
ОП Новомосковский Азот;Оператор уборки;5/2;22 440;1;оклад;
ОП Новомосковский Азот;Оператор уборки;5/2;22 440;1;оклад;
ОП Новосибирск, ЛЦ Ашан №861;Уборщик производственных и служебных помещений;5/2;27 600;1;оклад;
ОП Новосибирск, ЛЦ Ашан №861;Уборщик производственных и служебных помещений;5/2;27 600;1/4;оклад;
ОП Новосибирск, ЛЦ Ашан №861;Уборщик производственных и служебных помещений;5/2;27 600;1;оклад;
ОП Новосибирск, ЛЦ Ашан №861;Уборщик производственных и служебных помещений;5/2;27 600;1;оклад;
ОП Новосибирск, ЛЦ Ашан №861;Уборщик производственных и служебных помещений;5/2;27 600;1;оклад;
ОП Новосибирск, ЛЦ Ашан №861;Уборщик территории;5/2;27 600;1;оклад;
ОП Новосибирск, ЛЦ Ашан №861;Прессовщик;5/2;27 600;1;оклад;
ОП Новосибирск, ЛЦ Ашан №861;Прессовщик;5/2;27 600;1/4;оклад;
ОП Пермь;Уборщик производственных и служебных помещений;5/2;25 000;1;оклад;
ОП Пермь;Уборщик производственных и служебных помещений;5/2;25 000;1;оклад;
ОП Пермь;Уборщик производственных и служебных помещений;5/2;23 000;1;оклад;
ОП Пермь;Уборщик производственных и служебных помещений;5/2;25 000;1;оклад;
ОП Пермь;Уборщик производственных и служебных помещений;5/2;22 440;1;оклад;
ОП Пермь;Уборщик производственных и служебных помещений;5/2;23 000;1;оклад;
ОП Пермь;Уборщик производственных и служебных помещений;5/2;25 000;1;оклад;
ОП Пермь;Уборщик производственных и служебных помещений;5/2;25 000;1;оклад;
ОП Пермь;Уборщик производственных и служебных помещений;5/2;23 000;1;оклад;
ОП Пермь;Уборщик производственных и служебных помещений;5/2;25 000;1;оклад;
ОП Пермь;Уборщик производственных и служебных помещений;5/2;23 000;1;оклад;
ОП Пермь;Уборщик производственных и служебных помещений;5/2;23 000;1;оклад;
ОП Пермь;Уборщик производственных и служебных помещений;5/2;23 000;1;оклад;
ОП Пермь;Уборщик производственных и служебных помещений;5/2;40 000;1;оклад;
ОП Пермь;Уборщик производственных и служебных помещений;5/2;25 000;1;оклад;
ОП Пермь;Уборщик производственных и служебных помещений;5/2;25 000;1;оклад;
ОП Пермь;Уборщик производственных и служебных помещений;5/2;25 000;1;оклад;
ОП Пермь;Уборщик производственных и служебных помещений;5/2;25 000;1;оклад;
ОП Пермь;Уборщик производственных и служебных помещений;5/2;25 000;1;оклад;
ОП Пермь;Уборщик производственных и служебных помещений;5/2;23 000;1;оклад;
ОП Пермь;Уборщик производственных и служебных помещений;5/2;25 000;1;оклад;
ОП Пермь;Уборщик территории;5/2;23 000;1;оклад;
ОП Пермь;Уборщик территории;5/2;23 000;1;оклад;
ОП Пермь;Уборщик территории;5/2;25 000;1;оклад;
ОП Пермь;Уборщик территории;5/2;23 000;1;оклад;
ОП Пермь;Менеджер;5/2;80 000;1;оклад;
ОП Соликамск (Уралкалий);Специалист по охране труда;5/2;35 000;1;оклад;
ОП Соликамск (Уралкалий);Администратор по качеству;5/2;50 000;1;оклад;
ОП Соликамск Профилакторий;Администратор;5/2;49 975;1/2;оклад;
ОП Соликамск Профилакторий;Дворник;5/2;22 440;1;оклад;
ОП Соликамск Профилакторий;Оператор уборки;5/2;22 440;1;оклад;
ОП Соликамск Профилакторий;Оператор уборки;5/2;22 440;1;оклад;
ОП Соликамск Профилакторий;Оператор уборки;5/2;22 440;1/4;оклад;
ОП Соликамск Профилакторий;Оператор уборки;5/2;22 440;1/2;оклад;
ОП Соликамск Профилакторий;Оператор уборки;5/2;22 440;1;оклад;
ОП Соликамск Профилакторий;Оператор уборки;5/2;22 440;1;оклад;
ОП Соликамск Профилакторий;Оператор уборки;5/2;22 440;1;оклад;
ОП Соликамск Профилакторий;Горничная;5/2;22 440;1;оклад;
ОП Соликамск Профилакторий;Горничная;5/2;22 440;1;оклад;
ОП Соликамск Профилакторий;Горничная;5/2;22 440;1;оклад;
ОП Соликамск Профилакторий;Горничная;5/2;22 440;1;оклад;
ОП Соликамск Профилакторий;Санитарка;5/2;22 440;1;оклад;
ОП Соликамск Профилакторий;Санитарка;5/2;22 440;1;оклад;
ОП Соликамск Профилакторий;Санитарка;5/2;22 440;1;оклад;
ОП Соликамск Профилакторий;Санитарка;5/2;22 440;1;оклад;
ОП Соликамск СКРУ-1;Администратор;5/2;49 975;1;оклад;
ОП Соликамск СКРУ-1;Прачка;5/2;22 440;1;оклад;
ОП Соликамск СКРУ-1;Оператор уборки;5/2;22 440;1;оклад;
ОП Соликамск СКРУ-1;Оператор уборки;5/2;22 440;1;оклад;
ОП Соликамск СКРУ-1;Оператор уборки;5/2;22 440;1;оклад;
ОП Соликамск СКРУ-1;Оператор уборки;5/2;22 440;1;оклад;
ОП Соликамск СКРУ-1;Оператор уборки;5/2;22 440;1;оклад;
ОП Соликамск СКРУ-1;Оператор уборки;5/2;22 440;1;оклад;
ОП Соликамск СКРУ-1;Оператор уборки;5/2;22 440;1;оклад;
ОП Соликамск СКРУ-1;Оператор уборки;5/2;22 440;1;оклад;
ОП Соликамск СКРУ-1;Оператор уборки;5/2;22 440;1;оклад;
ОП Соликамск СКРУ-1;Оператор уборки;5/2;22 440;1;оклад;
ОП Соликамск СКРУ-1;Оператор уборки;5/2;22 440;1;оклад;
ОП Соликамск СКРУ-1;Оператор уборки;5/2;22 440;1;оклад;
ОП Соликамск СКРУ-1;Оператор уборки;5/2;22 440;1;оклад;
ОП Соликамск СКРУ-1;Оператор уборки;5/2;22 440;1;оклад;
ОП Соликамск СКРУ-1;Оператор уборки;5/2;22 440;1;оклад;
ОП Соликамск СКРУ-1;Оператор уборки;5/2;22 440;1;оклад;
ОП Соликамск СКРУ-1;Оператор уборки;5/2;22 440;1;оклад;
ОП Соликамск СКРУ-1;Оператор уборки;5/2;22 440;1;оклад;
ОП Соликамск СКРУ-1;Оператор уборки;5/2;22 440;1;оклад;
ОП Соликамск СКРУ-1;Оператор уборки;5/2;22 440;1;оклад;
ОП Соликамск СКРУ-1;Оператор уборки;5/2;22 440;1;оклад;
ОП Соликамск СКРУ-1;Оператор уборки;5/2;22 440;1;оклад;
ОП Соликамск СКРУ-1;Оператор уборки;5/2;22 440;1;оклад;
ОП Соликамск СКРУ-1;Оператор уборки;5/2;22 440;0,932;оклад;
ОП Соликамск СКРУ-1;Оператор уборки;5/2;22 440;1;оклад;
ОП Соликамск СКРУ-1;Оператор уборки;5/2;22 440;1;оклад;
ОП Соликамск СКРУ-1;Оператор уборки;5/2;22 440;1/2;оклад;
ОП Соликамск СКРУ-1;Оператор уборки;5/2;22 440;1;оклад;
ОП Соликамск СКРУ-1;Оператор уборки;5/2;22 440;1;оклад;
ОП Соликамск СКРУ-1;Оператор уборки;5/2;22 440;1;оклад;
ОП Соликамск СКРУ-1;Оператор уборки;5/2;22 440;1;оклад;
ОП Соликамск СКРУ-1;Оператор уборки;5/2;22 440;1;оклад;
ОП Соликамск СКРУ-1;Оператор уборки;5/2;22 440;1;оклад;
ОП Соликамск СКРУ-1;Оператор уборки;5/2;22 440;1;оклад;
ОП Соликамск СКРУ-1;Оператор уборки;5/2;22 440;1;оклад;
ОП Соликамск СКРУ-1;Оператор уборки;5/2;22 440;1;оклад;
ОП Соликамск СКРУ-1;Оператор уборки;5/2;22 440;1;оклад;
ОП Соликамск СКРУ-1;Оператор уборки;5/2;22 440;1;оклад;
ОП Соликамск СКРУ-1;Оператор уборки;5/2;22 440;1;оклад;
ОП Соликамск СКРУ-1;Оператор уборки;5/2;22 440;1;оклад;
ОП Соликамск СКРУ-1;Оператор уборки;5/2;22 440;1;оклад;
ОП Соликамск СКРУ-1;Оператор уборки;5/2;22 440;1;оклад;
ОП Соликамск СКРУ-1;Оператор уборки;5/2;22 440;1;оклад;
ОП Соликамск СКРУ-1;Оператор уборки;5/2;22 440;1;оклад;
ОП Соликамск СКРУ-1;Оператор уборки;5/2;22 440;1;оклад;
ОП Соликамск СКРУ-1;Оператор уборки;5/2;22 440;1;оклад;
ОП Соликамск СКРУ-1;Оператор уборки;5/2;22 440;1;оклад;
ОП Соликамск СКРУ-2;Администратор;5/2;49 975;1;оклад;
ОП Соликамск СКРУ-2;Оператор уборки;5/2;22 440;1;оклад;
ОП Соликамск СКРУ-2;Оператор уборки;5/2;22 440;1;оклад;
ОП Соликамск СКРУ-2;Оператор уборки;5/2;22 440;1;оклад;
ОП Соликамск СКРУ-2;Оператор уборки;5/2;22 440;1;оклад;
ОП Соликамск СКРУ-2;Оператор уборки;5/2;22 440;1;оклад;
ОП Соликамск СКРУ-2;Оператор уборки;5/2;22 440;1;оклад;
ОП Соликамск СКРУ-2;Оператор уборки;5/2;22 440;1;оклад;
ОП Соликамск СКРУ-2;Оператор уборки;5/2;22 440;1;оклад;
ОП Соликамск СКРУ-2;Оператор уборки;5/2;22 440;1;оклад;
ОП Соликамск СКРУ-2;Оператор уборки;5/2;22 440;1;оклад;
ОП Соликамск СКРУ-2;Оператор уборки;5/2;22 440;1;оклад;
ОП Соликамск СКРУ-2;Оператор уборки;5/2;22 440;1;оклад;
ОП Соликамск СКРУ-2;Оператор уборки;5/2;22 440;1;оклад;
ОП Соликамск СКРУ-2;Оператор уборки;5/2;22 440;1;оклад;
ОП Соликамск СКРУ-2;Оператор уборки;5/2;22 440;1;оклад;
ОП Соликамск СКРУ-2;Оператор уборки;5/2;22 440;1;оклад;
ОП Соликамск СКРУ-2;Оператор уборки;5/2;22 440;1;оклад;
ОП Соликамск СКРУ-2;Оператор уборки;5/2;22 440;1;оклад;
ОП Соликамск СКРУ-2;Оператор уборки;5/2;22 440;1;оклад;
ОП Соликамск СКРУ-2;Оператор уборки;5/2;22 440;1;оклад;
ОП Соликамск СКРУ-2;Оператор уборки;5/2;22 440;1;оклад;
ОП Соликамск СКРУ-2;Оператор уборки;5/2;22 440;1;оклад;
ОП Соликамск СКРУ-2;Оператор уборки;5/2;22 440;1;оклад;
ОП Соликамск СКРУ-2;Оператор уборки;5/2;22 440;1;оклад;
ОП Соликамск СКРУ-2;Оператор уборки;5/2;22 440;1;оклад;
ОП Соликамск СКРУ-2;Оператор уборки;5/2;22 440;1;оклад;
ОП Соликамск СКРУ-2;Оператор уборки;5/2;22 440;1;оклад;
ОП Соликамск СКРУ-2;Оператор уборки;5/2;22 440;1;оклад;
ОП Соликамск СКРУ-2;Оператор уборки;5/2;22 440;1;оклад;
ОП Соликамск СКРУ-2;Оператор уборки;5/2;22 440;1;оклад;
ОП Соликамск СКРУ-2;Оператор уборки;5/2;22 440;1;оклад;
ОП Соликамск СКРУ-2;Оператор уборки;5/2;22 440;1;оклад;
ОП Соликамск СКРУ-2;Оператор уборки;5/2;22 440;1;оклад;
ОП Соликамск СКРУ-2;Оператор уборки;5/2;22 440;1;оклад;
ОП Соликамск СКРУ-2;Оператор уборки;5/2;22 440;1;оклад;
ОП Соликамск СКРУ-2;Оператор уборки;5/2;22 440;1;оклад;
ОП Соликамск СКРУ-2;Оператор уборки;5/2;22 440;1;оклад;
ОП Соликамск СКРУ-2;Оператор уборки;5/2;22 440;1;оклад;
ОП Соликамск СКРУ-2;Оператор уборки;5/2;22 440;1;оклад;
ОП Соликамск СКРУ-2;Оператор уборки;5/2;22 440;1;оклад;
ОП Соликамск СКРУ-2;Оператор уборки;5/2;22 440;1;оклад;
ОП Соликамск СКРУ-2;Оператор уборки;5/2;22 440;1;оклад;
ОП Соликамск СКРУ-2;Оператор уборки;5/2;22 440;1;оклад;
ОП Соликамск СКРУ-2;Оператор уборки;5/2;22 440;1;оклад;
ОП Соликамск СКРУ-2;Оператор уборки;5/2;22 440;1;оклад;
ОП Соликамск СКРУ-2;Оператор уборки;5/2;22 440;1;оклад;
ОП Соликамск СКРУ-2;Приемщик;5/2;22 440;1;оклад;
ОП Соликамск СКРУ-3;Администратор;5/2;55 000;1;оклад;
ОП Соликамск СКРУ-3;Электромонтер по ремонту и обслуживанию электрооборудования;5/2;22 440;1/4;оклад;
ОП Соликамск СКРУ-3;Прачка;5/2;22 440;1;оклад;
ОП Соликамск СКРУ-3;Прачка;5/2;22 440;1;оклад;
ОП Соликамск СКРУ-3;Прачка;5/2;22 440;1;оклад;
ОП Соликамск СКРУ-3;Оператор уборки;5/2;22 440;1;оклад;
ОП Соликамск СКРУ-3;Оператор уборки;5/2;22 440;1;оклад;
ОП Соликамск СКРУ-3;Оператор уборки;5/2;22 440;1;оклад;
ОП Соликамск СКРУ-3;Оператор уборки;5/2;22 440;1;оклад;
ОП Соликамск СКРУ-3;Оператор уборки;5/2;22 440;1;оклад;
ОП Соликамск СКРУ-3;Оператор уборки;5/2;22 440;8/25;оклад;
ОП Соликамск СКРУ-3;Оператор уборки;5/2;22 440;1;оклад;
ОП Соликамск СКРУ-3;Оператор уборки;5/2;22 440;1;оклад;
ОП Соликамск СКРУ-3;Оператор уборки;5/2;22 440;1;оклад;
ОП Соликамск СКРУ-3;Оператор уборки;5/2;22 440;1;оклад;
ОП Соликамск СКРУ-3;Оператор уборки;5/2;22 440;1;оклад;
ОП Соликамск СКРУ-3;Оператор уборки;5/2;22 440;1;оклад;
ОП Соликамск СКРУ-3;Оператор уборки;5/2;22 440;1;оклад;
ОП Соликамск СКРУ-3;Оператор уборки;5/2;22 440;1;оклад;
ОП Соликамск СКРУ-3;Оператор уборки;5/2;22 440;1;оклад;
ОП Соликамск СКРУ-3;Оператор уборки;5/2;22 440;1;оклад;
ОП Соликамск СКРУ-3;Оператор уборки;5/2;22 440;1;оклад;
ОП Соликамск СКРУ-3;Оператор уборки;5/2;22 440;1;оклад;
ОП Соликамск СКРУ-3;Оператор уборки;5/2;22 440;1;оклад;
ОП Соликамск СКРУ-3;Оператор уборки;5/2;22 440;1;оклад;
ОП Соликамск СКРУ-3;Оператор уборки;5/2;22 440;1;оклад;
ОП Соликамск СКРУ-3;Оператор уборки;5/2;22 440;1;оклад;
ОП Соликамск СКРУ-3;Оператор уборки;5/2;22 440;1;оклад;
ОП Соликамск СКРУ-3;Оператор уборки;5/2;22 440;1;оклад;
ОП Соликамск СКРУ-3;Оператор уборки;5/2;22 440;1;оклад;
ОП Соликамск СКРУ-3;Оператор уборки;5/2;22 440;1/2;оклад;
ОП Соликамск СКРУ-3;Оператор уборки;5/2;22 440;1;оклад;
ОП Соликамск СКРУ-3;Оператор уборки;5/2;22 440;1;оклад;
ОП Соликамск СКРУ-3;Оператор уборки;5/2;22 440;1;оклад;
ОП Соликамск СКРУ-3;Оператор уборки;5/2;22 440;1;оклад;
ОП Соликамск СКРУ-3;Оператор уборки;5/2;22 440;1;оклад;
ОП Соликамск СКРУ-3;Оператор уборки;5/2;22 440;1;оклад;
ОП Соликамск СКРУ-3;Оператор уборки;5/2;22 440;1;оклад;
ОП Соликамск СКРУ-3;Оператор уборки;5/2;22 440;1;оклад;
ОП Соликамск СКРУ-3;Оператор уборки;5/2;22 440;1;оклад;
ОП Соликамск СКРУ-3;Швея;5/2;22 440;1;оклад;
ОП Соликамск СКРУ-3;Швея;5/2;22 440;1/2;оклад;
ОП Соликамск СКРУ-3;Слесарь;5/2;22 440;1/4;оклад;
ОП Соликамск Управление;Подсобный рабочий;5/2;22 440;1;оклад;
ОП Соликамск Управление;Гардеробщик;5/2;22 440;1;оклад;
ОП Соликамск Управление;Гардеробщик;5/2;22 440;1;оклад;
ОП Соликамск Управление;Гардеробщик;5/2;22 440;1;оклад;
ОП Соликамск Управление;Гардеробщик;5/2;22 440;1;оклад;
ОП Соликамск Управление;Гардеробщик;5/2;22 440;1;оклад;
ОП Соликамск Управление;Администратор;5/2;49 975;1/2;оклад;
ОП Соликамск Управление;Дворник;5/2;22 440;1;оклад;
ОП Соликамск Управление;Дворник;5/2;22 440;1/2;оклад;
ОП Соликамск Управление;Дворник;5/2;22 440;1;оклад;
ОП Соликамск Управление;Дворник;5/2;22 440;1;оклад;
ОП Соликамск Управление;Дворник;5/2;22 440;1;оклад;
ОП Соликамск Управление;Дворник;5/2;22 440;1;оклад;
ОП Соликамск Управление;Дворник;5/2;22 440;1;оклад;
ОП Соликамск Управление;Оператор уборки;5/2;22 440;1;оклад;
ОП Соликамск Управление;Оператор уборки;5/2;22 440;3/4;оклад;
ОП Соликамск Управление;Оператор уборки;5/2;22 440;1;оклад;
ОП Соликамск Управление;Оператор уборки;5/2;22 440;1;оклад;
ОП Соликамск Управление;Оператор уборки;5/2;22 440;1;оклад;
ОП Соликамск Управление;Оператор уборки;5/2;22 440;1;оклад;
ОП Соликамск Управление;Оператор уборки;5/2;22 440;1;оклад;
ОП Соликамск Управление;Оператор уборки;5/2;22 440;1;оклад;
ОП Соликамск Управление;Оператор уборки;5/2;22 440;1;оклад;
ОП Соликамск Управление;Оператор уборки;5/2;22 440;1;оклад;
ОП Соликамск Управление;Оператор уборки;5/2;22 440;1;оклад;
ОП Соликамск Управление;Оператор уборки;5/2;22 440;1;оклад;
ОП Соликамск Управление;Оператор уборки;5/2;22 440;1;оклад;
ОП Соликамск Управление;Оператор уборки;5/2;22 440;1;оклад;
ОП Соликамск Управление;Оператор уборки;5/2;22 440;1;оклад;
ОП Соликамск Управление;Оператор уборки;5/2;22 440;1;оклад;
ОП Соликамск Управление;Оператор уборки;5/2;22 440;1;оклад;
ОП Соликамск Управление;Оператор уборки;5/2;22 440;1;оклад;
ОП Соликамск Управление;Оператор уборки;5/2;22 440;1/2;оклад;
ОП Соликамск Управление;Оператор уборки;5/2;22 440;1;оклад;
ОП Соликамск Управление;Оператор уборки;5/2;22 440;1;оклад;
ОП Соликамск Управление;Оператор уборки;5/2;22 440;1;оклад;
ОП Соликамск Управление;Оператор уборки;5/2;22 440;1/4;оклад;
ОП Соликамск Управление;Оператор уборки;5/2;22 440;1;оклад;
ОП Соликамск Управление;Оператор уборки;5/2;22 440;1;оклад;
ОП Соликамск Управление;Оператор уборки;5/2;22 440;1;оклад;
ОП Соликамск Управление;Оператор уборки;5/2;22 440;1;оклад;
ОП Соликамск Управление;Оператор уборки;5/2;22 440;1;оклад;
ОП Соликамск Управление;Оператор уборки;5/2;22 440;1;оклад;
ОП Соликамск Управление;Оператор уборки;5/2;22 440;1;оклад;
ОП Соликамск Управление;Оператор уборки;5/2;22 440;1;оклад;
ОП Соликамск Управление;Оператор уборки;5/2;22 440;1;оклад;
ОП Соликамск Управление;Оператор уборки;5/2;22 440;1;оклад;
ОП Соликамск Управление;Оператор уборки;5/2;22 440;1;оклад;
ОП Соликамск Управление;Оператор уборки;5/2;22 440;1;оклад;
ОП Соликамск Управление;Оператор уборки;5/2;22 440;1;оклад;
ОП Соликамск Управление;Смотритель музея;5/2;22 440;1;оклад;
ОП Сыктывкар РЦ WB;Уборщик производственных и служебных помещений;5/2;22 440;1;оклад;
ОП Сыктывкар РЦ WB;Уборщик производственных и служебных помещений;5/2;22 440;1;оклад;
ОП Сыктывкар РЦ WB;Уборщик производственных и служебных помещений;5/2;22 440;1;оклад;
ОП Сыктывкар РЦ WB;Уборщик производственных и служебных помещений;5/2;22 440;1;оклад;
ОП Сыктывкар ЦБК;Уборщик производственных и служебных помещений;5/2;22 440;1;оклад;
ОП Сыктывкар ЦБК;Уборщик производственных и служебных помещений;5/2;22 440;1;оклад;
ОП Сыктывкар ЦБК;Подсобный рабочий;5/2;22 440;1;оклад;
ОП Сыктывкар ЦБК;Подсобный рабочий;5/2;22 440;1;оклад;
ОП Сыктывкар ЦБК;Подсобный рабочий;5/2;22 440;1;оклад;
ОП Сыктывкар ЦБК;Подсобный рабочий;5/2;22 440;1;оклад;
ОП Сыктывкар ЦБК;Подсобный рабочий;5/2;22 440;1;оклад;
ОП Сыктывкар ЦБК;Подсобный рабочий;5/2;22 440;1;оклад;
ОП Сыктывкар ЦБК;Подсобный рабочий;5/2;22 440;1;оклад;
ОП Сыктывкар ЦБК;Подсобный рабочий;5/2;22 440;1;оклад;
ОП Сыктывкар ЦБК;Подсобный рабочий;5/2;22 440;1;оклад;
ОП Сыктывкар ЦБК;Подсобный рабочий;5/2;22 440;1;оклад;
ОП Сыктывкар ЦБК;Подсобный рабочий;5/2;22 440;1;оклад;
ОП Сыктывкар ЦБК;Подсобный рабочий;5/2;22 440;1;оклад;
ОП Сыктывкар ЦБК;Подсобный рабочий;5/2;22 440;1;оклад;
ОП Сыктывкар ЦБК;Подсобный рабочий;5/2;22 440;1;оклад;
ОП Сыктывкар ЦБК;Подсобный рабочий;5/2;22 440;1;оклад;
ОП Сыктывкар ЦБК;Подсобный рабочий;5/2;22 440;1;оклад;
ОП Сыктывкар ЦБК;Подсобный рабочий;5/2;22 440;1;оклад;
ОП Сыктывкар ЦБК;Подсобный рабочий;5/2;22 440;1;оклад;
ОП Сыктывкар ЦБК;Подсобный рабочий;5/2;22 440;1;оклад;
ОП Сыктывкар ЦБК;Подсобный рабочий;5/2;22 440;1;оклад;
ОП Сыктывкар ЦБК;Подсобный рабочий;5/2;22 440;1;оклад;
ОП Сыктывкар ЦБК;Подсобный рабочий;5/2;22 440;1;оклад;
ОП Сыктывкар ЦБК;Подсобный рабочий;5/2;22 440;1;оклад;
ОП Сыктывкар ЦБК;Подсобный рабочий;5/2;22 440;1;оклад;
ОП Сыктывкар ЦБК;Подсобный рабочий;5/2;22 440;1;оклад;
ОП Сыктывкар ЦБК;Подсобный рабочий;5/2;22 440;1;оклад;
ОП Сыктывкар ЦБК;Подсобный рабочий;5/2;22 440;1;оклад;
ОП Сыктывкар ЦБК;Подсобный рабочий;5/2;22 440;1;оклад;
ОП Сыктывкар ЦБК;Подсобный рабочий;5/2;22 440;1;оклад;
ОП Сыктывкар ЦБК;Подсобный рабочий;5/2;22 440;1;оклад;
ОП Сыктывкар ЦБК;Подсобный рабочий;5/2;22 440;1;оклад;
ОП Сыктывкар ЦБК;Подсобный рабочий;5/2;22 440;1;оклад;
ОП Сыктывкар ЦБК;Подсобный рабочий;5/2;22 440;1;оклад;
ОП Сыктывкар ЦБК;Подсобный рабочий;5/2;22 440;1;оклад;
ОП Сыктывкар ЦБК;Подсобный рабочий;5/2;22 440;1;оклад;
ОП Сыктывкар ЦБК;Подсобный рабочий;5/2;22 440;1;оклад;
ОП Сыктывкар ЦБК;Подсобный рабочий;5/2;22 440;1;оклад;
ОП Сыктывкар ЦБК;Подсобный рабочий;5/2;22 440;1;оклад;
ОП Сыктывкар ЦБК;Подсобный рабочий;5/2;22 440;1;оклад;
ОП Сыктывкар ЦБК;Подсобный рабочий;5/2;22 440;1;оклад;
ОП Сыктывкар ЦБК;Подсобный рабочий;5/2;22 440;1;оклад;
ОП Сыктывкар ЦБК;Подсобный рабочий;5/2;22 440;1;оклад;
ОП Сыктывкар ЦБК;Подсобный рабочий;5/2;22 440;1;оклад;
ОП Сыктывкар ЦБК;Специалист по охране труда;5/2;27 100;1;оклад;
ОП Сыктывкар ЦБК;Гардеробщик;5/2;22 440;1;оклад;
ОП Сыктывкар ЦБК;Гардеробщик;5/2;22 440;1;оклад;
ОП Сыктывкар ЦБК;Механик;5/2;27 725;1;оклад;
ОП Сыктывкар ЦБК;Водитель погрузчика;5/2;22 440;1;оклад;
ОП Сыктывкар ЦБК;Водитель погрузчика;5/2;22 440;1;оклад;
ОП Сыктывкар ЦБК;Водитель погрузчика;5/2;22 440;1;оклад;
ОП Сыктывкар ЦБК;Водитель погрузчика;5/2;22 440;1;оклад;
ОП Сыктывкар ЦБК;Водитель погрузчика;5/2;22 440;1;оклад;
ОП Сыктывкар ЦБК;Водитель погрузчика;5/2;22 440;1;оклад;
ОП Сыктывкар ЦБК;Водитель погрузчика;5/2;22 440;1;оклад;
ОП Сыктывкар ЦБК;Водитель автомобиля;5/2;22 440;1;оклад;
ОП Сыктывкар ЦБК;Водитель автомобиля;5/2;22 440;1;оклад;
ОП Сыктывкар ЦБК;Водитель автомобиля;5/2;22 440;1;оклад;
ОП Сыктывкар ЦБК;Водитель автомобиля;5/2;22 440;1;оклад;
ОП Сыктывкар ЦБК;Водитель автомобиля;5/2;27 100;1;оклад;
ОП Сыктывкар ЦБК;Водитель автомобиля;5/2;22 440;1;оклад;
ОП Сыктывкар ЦБК;Водитель автомобиля;5/2;22 440;1;оклад;
ОП Сыктывкар ЦБК;Водитель автомобиля;5/2;22 440;1;оклад;
ОП Сыктывкар ЦБК;Водитель автомобиля;5/2;22 440;1;оклад;
ОП Сыктывкар ЦБК;Водитель автомобиля;5/2;22 440;1;оклад;
ОП Сыктывкар ЦБК;Водитель автомобиля;5/2;22 440;1;оклад;
ОП Сыктывкар ЦБК;Водитель автомобиля;5/2;22 440;1;оклад;
ОП Сыктывкар ЦБК;Водитель автомобиля;5/2;22 440;1;оклад;
ОП Сыктывкар ЦБК;Водитель автомобиля;5/2;22 440;1;оклад;
ОП Сыктывкар ЦБК;Водитель автомобиля;5/2;22 440;1;оклад;
ОП Сыктывкар ЦБК;Машинист бульдозера;5/2;22 440;1;оклад;
ОП Сыктывкар ЦБК;Слесарь по ремонту автомобилей;5/2;22 440;1;оклад;
ОП Сыктывкар ЦБК;Слесарь по ремонту автомобилей;5/2;22 440;1;оклад;
ОП Сыктывкар ЦБК;Маляр;5/2;22 440;1;оклад;
ОП Сыктывкар ЦБК;Маляр;5/2;22 440;1;оклад;
ОП Сыктывкар ЦБК;Электромонтер по ремонту и обслуживанию электрооборудования;5/2;22 440;1;оклад;
ОП Сыктывкар ЦБК;Менеджер;5/2;27 100;1;оклад;
ОП Сыктывкар ЦБК;Менеджер;5/2;27 100;1;оклад;
ОП Сыктывкар ЦБК;Менеджер;5/2;27 100;1;оклад;
ОП Сыктывкар ЦБК;Управляющий;5/2;47 330;1;оклад;
ОП Сыктывкар ЦБК;Руководитель проекта;5/2;244 000;1;оклад;
ОП Сыктывкар ЦБК;Плотник;5/2;22 440;1;оклад;
ПортЭнерго;Уборщик производственных и служебных помещений;5/2;34 483;1;оклад;
ПортЭнерго;Уборщик производственных и служебных помещений;5/2;34 483;1;оклад;
ПортЭнерго;Уборщик производственных и служебных помещений;5/2;34 483;1;оклад;
ПортЭнерго;Уборщик производственных и служебных помещений;5/2;34 483;1;оклад;
ПортЭнерго;Уборщик производственных и служебных помещений;5/2;34 483;1;оклад;
ПортЭнерго;Уборщик производственных и служебных помещений;5/2;34 483;1;оклад;
ПортЭнерго;Уборщик территории;5/2;34 483;1;оклад;
ПортЭнерго;Уборщик территории;5/2;34 483;1;оклад;
ПортЭнерго;Уборщик территории;5/2;34 483;1;оклад;
ПортЭнерго;Уборщик территории;5/2;34 483;1;оклад;
ПортЭнерго;Уборщик территории;5/2;34 483;1;оклад;
ПортЭнерго;Уборщик территории;5/2;34 483;1;оклад;
ПортЭнерго;Уборщик территории;5/2;34 483;1;оклад;
ПортЭнерго;Уборщик территории;5/2;34 483;1;оклад;
ПортЭнерго;Водитель автомобиля;5/2;57 472;1;оклад;
ПортЭнерго;Тракторист;5/2;57 472;1;оклад;
ПортЭнерго;Техник;5/2;34 483;1;оклад;
ПортЭнерго;Техник;5/2;34 483;1;оклад;
ПортЭнерго;Менеджер;5/2;114 943;1;оклад;
Терминал;Уборщик производственных и служебных помещений;5/2;29 000;1/2;оклад;
Терминал;Уборщик производственных и служебных помещений;5/2;29 000;1;оклад;
Терминал;Подсобный рабочий;5/2;29 000;1;оклад;
Терминал;Подсобный рабочий;5/2;29 000;1;оклад;
Терминал;Подсобный рабочий;5/2;29 000;1;оклад;
Терминал;Подсобный рабочий;5/2;29 000;1;оклад;
Терминал;Администратор;5/2;29 000;1;оклад;
Терминал;Менеджер;5/2;37 932;1;оклад;
ТимКен (оп);Уборщик производственных и служебных помещений;5/2;29 000;1/2;оклад;
Финтранс ГЛ (Коммунар);Оператор уборки;5/2;24 000;1;оклад;
